기여자	현지이름	다른표기	나라이름	국기_그림	문장_그림	나라_표어	나라_표어_설명	국가	상징색1	상징색1_이름	상징색1_글씨색	상징색2	상징색2_이름	상징색2_글씨색	이전_형태	주권	주권_설명	정부수립1	정부수립일1	지도_그림	지도_그림_설명	수도	수도위치	최대도시	문화권	문화	행정구역1	행정구역1_내용	조사인구수	인구조사년도	민족_분포	인구밀도	공용어	공용문자	국교	종교_분포	최대종교	정치체제	지도자_칭호	통화	통화기호	기년법	시간대	2자코드	3자코드	한자약칭	한자음	정부수립2	정부수립일2	민족분포	접경국	지역어	멸망	이후_형태	정부수립3	정부수립일3	정부수립4	정부수립일4	정부수립5	정부수립일5	지도자_성명	정부수립6	정부수립일6	국조	국화	면적	행정구역2	행정구역2_내용	행정구역3	행정구역3_내용	밀도계산년도	미수복지역	국수	군대	여당	당명	당색글씨	당색배경	경제체제	날짜형식	기대_수명	수명조사년도	주둔군	입법부_수장	입법부_수장_성명	행정부_수장	행정부_수장_성명	사법부_수장	사법부_수장_성명	도량형	통행방향	수교국	외교문서	숫자코드	정부수립	정부수립일	국민어	왕실	지도자_이름	국가도메인	현재_국가	다른이름	감찰부_수장	군부_수장	lat	long	size	width	height	행정구역4	행정구역4_내용	행정구역5	행정구역5_내용	행정구역6	행정구역6_내용	제1야당	야당당명	야당색글씨	야당색배경	감찰부_수장_성명	해체
Rainykaya	Fa Seneie sti Tkárü Marüã Eplismora Sementie, (Tasementi jer Feis)	Aplinatio die Sementie	코르의 보호아래 가장 유려한 세멘티 공국	세멘티 공국.jpeg	세멘티 국장.png	Tkárü, Di Ellev Estásit Eriá sti Sü	코르여, 우리는 그대의 자비에 감사를 표하네!	우리의 파도는 멈추지 않았다	white	세멘티 화이트	black	#4678ff	세멘티 블루	white	파랑 기병대	밀리토호스 타코뤼 왕국	3297년 8월 14일	세멘티 공국	3295년 2월 21일	{{세멘티 공국 지도|폭=330}}	해협 근처의 하늘색 국가	세멘티	0° 00’ 01.4” U, 91° 34’46.9” N	세멘티	북메디아 문화권	파랑 문화 · 코르 문화	시급	시 3개	2,191,470	5270	세멘티인 44%, 아르토이트인18%, 코르인 14%, 퀼로인 10%, 옐 퀼로인 9%, 기타 5%	203.18	세멘티어, 미코로스 아케뒤	파랑 문자	파랑전승	뤼페 62%, 파랑전승 27%, - 라미망 파 24%, - 네라크뤼스 파 3%	뤼페	귀족주의	공작	세멘티 루키라	Ⱪ	파랑력	ASN+5	SM	SMT	世	세																																																																										
	Hakielysia		하키엘러시아			Tagòm, ad vagòm.	생각하라, 그리고 가져라.	세행진가								건국	3년 2월 5일	자소크 국가연합	2820년 9월 7일			하키엘러시아	50° 47’ 39.0” U, 151° 14’ 18.4” V										자소크어	재민	운론		운론	공화제		테로	Ŧ	자소크력	ASN+14					HTC 통일	3577년 2월 5일																																																																								
	Alude	Ellerdie	엘레르디 왕국													엘레르디 왕국	1363년 2월 21일	멸망	4048년 1월 19일			레르디에		레르디에, 라나실									알루테릴	엘레르디 문자	별하늘의 이야기	별하늘의 이야기 88%(멸망 당시)	별하늘의 이야기 88%	선거군주제, 고립주의	별자리의 관조자	엘레르디 에시		엘레르디력	ASN+2	AL	ALU					엘레르디 100%																																																																							
zer0ken	95	Liviavonnatio die Guo	초월기계국가 구오	95국기.svg	테두리톱니바퀴.png				#6ccccc	오팔투 블루	#2c2c2c	#2c2c2c	슈텔로 그레이	#fff		오팔투	4427년 7월 4일 발견	구오	수립 시기 불명(기원전 600년 이전)	{{구오 지도|폭=330}}	북메디아 최북단에 위치한 구오의 영토	구이치 오센			북메디아 문화권	오팔투 문화			1972	4570	오팔투 93체, 엘레르디 1879명		사삼오일, 알루테릴							영	Ø		ASN+3	GU	GUO	九	구				이렘나 철랑대	사삼오일, 알루테릴																																																																					
	Taitiyg	Taitiuig	타이티위그	타이티위그국기.png					#ff8a47	타이티위그 오렌지	white	#4a87ff	타이티위그 블루	white						{{밀리토호스 타코뤼 왕국 지도|폭=330}}	북메디아 남쪽의 주황색 국가가 타이티위그이다.				북메디아 문화권	코르 문화							미코로스 아케뒤					군주제						TY	TTY	妥	타						4938년	밀리토호스 타코뤼 왕국																																																																			
	파랑 기병대	Fiushtelo die Dadivatomoque	파랑 기병대	대파랑.png					#0f2b4b	대파랑	white	white	기병백색	black		파랑 기병대	3109년 2월 17일			Great Blue Map.png		레나루 호수	알려지지 않음		북메디아 문화권	파랑 문화							파랑제어, 피정복지의 언어들	파랑 문자		각종 피정복지의 종교		기병제국, 정령기병대	사데나	레킬	Ĺ			PR	PRN	波	파						3279년 5월 6일	이렘나 철랑대, 자텐다 황금전단, 세멘티 공국																																																																			
jIrrsh	B#H V#D+&gt;	ߟߋߌ ߔߙߋߣߎ ߖߋߍߌ ߜߎߣߡߊ	레프레누제 연합	레프레누제국기.svg	레프레누제국장.svg				#a6469d	레프레누 퍼플	white	white	레프레누 화이트	black		즈다디우	2564년 6월 30일	스투나	2858년 4월 30일	{{레프레누제 연합 지도|폭=330}}					레프레누 문화권	레프레누 문화							레프레누어, 성서어, 레프레누 음성어	레프레누 문자, 성서 문자	구스니교			국가 연합		레프레누제 지디니	◕		ASN+21 ~ 23	LP	LPJ	立, 立連	립, 립련	넨리	2985년 3월 30일						함시	3582년 7월 14일	사스투아	3735년 1월 18일	툼라시니노	4412년 6월 30일																																																													
	Ilashpanishticaliva	Ilaspanistikaliva	일라스파니스티칼리바	일라스파니스티칼리바국기.png					#b5d0ff	일라스판 블루	white	white	일라스판 화이트	black		조직	992년 2월								메데마 문화권	헤멜바르트 문화							트라벨레메	트라벨레메 문자	근원주의		근원주의							IL	ILA	日	일				네즈니베, 헤멜바르트 제국																																																																						
	Khālōhidiyā Prajātantra	Taiquorsinatio die Kaloidia	칼로이디아 공화국	칼로이디아국기.png					#b6e565	칼로이디아 그린	white	#ac0000	칼로이디아 브라운	white						{{칼로이디아 지도|폭=330}}	아트리아 대륙의 갈회색 국가가 칼로이디아이다.	크라티오닌		바르셀타	돠냐부미 문화권	무후니아 문화권			7,535,447	5200	아르토이트인 37%, 주노데인 34%, 페투치아인 12%, 무후니아인 9%, 에뢴게레티인 6%, 기타 2%		주노데어		오대궁교		오대궁교			칼로이디아 타카	KLŢ			KL	KLD	轄	할				아르토이트령 무후니아, 피페레 제국	아르토이트어, 피페레어, 무후니아어, 에뢴게레티어																																																																					
네오스티그민	Militohos Takhory jer Defeis	Tainatio die Militohos-Takoruie	밀리토호스 타코뤼 왕국	밀리토호스 타코뤼 국기.png					#4677ff	밀리토호스 타코뤼 블루	white	#e2e6f2	밀리토호스 타코뤼 실버	black						{{밀리토호스 타코뤼 왕국 지도|폭=330}}	북메디아 남쪽의 은색 국가가 밀리토호스 타코뤼이다.	타뤼페		헤뮉	북메디아 문화권	코르 문화					코르인, 퀼로인, 옐퀼로인		미코로스 아케뒤			뤼페 82%	뤼페		옐 투라	헴	Ħ			MT	MTT	密	밀					옐 퀼로 아케뒤, 옐 아케뒤, 미퀼로스 아케뒤									MP.RS Miturhaos mopey																																																												
스치	Ierten	Livrenska	리브렌스카																														베르쿠암																					자소크 국가연합					자스호카의 발견	300년 경		자소크 문화와 통합	900년 경																																																										
Paul-Louis	Regnum Chrisancthésis	Tainatio die Krisãtes	크리상테스 왕국	크리상테스국기.svg	크리상테스 왕국 국장.png	Vérité Amoris	사랑의 진리	크리상테스 국가	#ffd800	크리상테스 옐로	white	#ff5151	크리상테스 레드	white		크리상테스	1803년 6월 1일			{{크리상테스 지도}}		콩세크라테	오르트레지유 대공작령	콩세크라테	크리상테스 문화권	크리상테스 문화	프랭치파테	14대공작령	41,542,419	4586		73.90	크리상테스어	라틴 문자	보편 정교	보편 정교 98%	보편 정교	입헌군주제		리브르	L	자소크력, 서력	ASN+11	CR	CRS	基	기																	독수리	노란 국화(菊花, Chrysanthemum)	562,096	뒤카테	00자치시 00공작령 00주교령	콤테	00백작령	4586																																																		
	Junōdhēra Raajya	Tainatio die Zunodhe	주노데 왕국	주노데국기.png					#b6e565	주노데 그린	white	#fffd07	주노데 골드	black						{{주노데 지도|폭=330}}	메데마의 연두색 섬나라가 주노데이다.	렌데빌		포레빌	돠냐부미 문화권	무후니아 문화			8,395,422	5200	아르토이트인 48%, 주노데인 31%, 민크인 15%, 기타 6%		주노데어	와르나말라 문자	오대궁교		오대궁교			주노데 타카	JNŢ			JN	JND	洲	주					아르토이트어																				칼로이디아 전역																																																	
	Baraan Porg	Karonatio die Varan	바란 연방	바란국기.svg			정직한 힘, 올바른 의도	계승가	#487BE3	바란 블루	white	#fefefe	바란 화이트	black	(부토니에), 바란	건국	4305년 1월	바란 왕국	4308년 8월	파일:바란지도.svg		세스라인드	23° 45′ 00″ K, 98° 48′ 45″ N	세스라인드, 토니에									바란어	바란어	부토니에 성교	초지성주의 35%, 성신종교 20%, 근원주의 5%	초지성주의	철인정치, 점조직	계승자	바	Va	자소크력	ASN+6	BR	BRN	發	발	멸망	4641년 7월 2일					남미세자리아 부족공화국, 베니치 대공국, 바움 기사단, 서라인드 왕국, 동라인드 왕국, 네즈니베, 부세 공국																																																																			
	Butonie	Vutoniêt	부토니에	부토니에국기.svg					#ca9fa9	부토니에 로즈골드	white	white	부토니에 화이트	black		부토니에	4163년 1월 1일					토니에			메데마 문화권	부토니에 문화							부토니에어	부토니에 문자								자소크력	ASN+6	BT	BTN	佛	불						4305년 1월 1일	바란, 부토니에 결사대																																																																			
김현제 → 기타 국가화	 	Karofolømìe die N	은 장성연맹	은국기.png	은국장흑.png	, !	아, 우리는 배고프다!	아, 어머니!	#7fffd4		black	#231f1f		white						{{은 지도|폭=330}}	티카(남극) 전역과 티펠라트리아 일부.	혼두이트		혼두이트	티카 문화권	은 문화	성급	1주성 13외성			은인 98%		화칸어	재민	거신신앙	거신신앙 87.6%	거신신앙	민주공화제(원시민주주의),, 집정부제, 연방제, 모계사회	장성맹주	은 나두히리닐드	Ŋ	십삼성력, 환모환우력	ASN+2	QN	QFN	銀	은														빙어처럼하얀피			에뮤			동급	52내동성 117외동	옥급	169장옥 676별옥 64망루			캥거루	태양 부족	넓은볏 부족	넓은볏	white	navy	원시공산주의	dd.mm.yyyy.																																									
	Nĩgesoyawa Edds ayl Gĩsĩ	Uitäitaganda die Minque	민크 농본주의 공동체	민크국기.png		Nĩge yã gayays ayl mii	농사는 만물의 근원		#d7066f	민크 퍼플	white	#77ff29	민크 그린	white	터흐파으 숙명국	민크	4517년					베네록			메데마 문화권	민크 문화	총회	1중앙회, 2본회	244만	4630	민크인 97%		민크어		농지숭상	농지숭상 96.2%	농지숭상	민주공화제, 기업국가, 농업협동조합,, 공동체주의, 민족주의, 점조직	중앙회장	민크 유영	Ÿ			MK	MNK	珉	민						4640년	민크인 디아스포라							-						지방회	31지방회	조합	1,271조합									농본주의, 자본주의 시장경제		40	4640	바란군	의사회장	-	경영회장	-	감독회장	-																																
다이아	Tempran Nuit Esrastien	Karotainatio di'Esrasta	에스라스타 연방 왕국	에스라스타국기.svg					#26c1db	에스라스타 블루	white	#fff300	에스라스타 옐로	black	에스라스타 공국	에스라스타	4122년 6월 11일			에스라스타 지도.png		에스티헤		에스티헤, 에토니아, 아흐크,, 이누우쿠, 즈야라냐	남메디아 문화권	에스라스타 문화					테이아인 34%, 카스메니인 27%,, 트우레인 11%, 코르카냐인 14%,, 기타 14%		에스라스타어		페스냐교			입헌군주제		페사	PE	자소크력, 에스라스타 연호		ES	ESR	涯	애					베하니아어																																																																					
imenos	De Mas'f'o ta Ðerídvalóvét	Taiquorsinatio die Zerivaziata	제리드발로 공화국	발로타 공화국 국기.svg		Itt sviòézmülabí çvóþhnippől	꿈꾸는 자들은 나아간다		black	제리드발로 블랙	white	white	제리드발로 화이트	black	발로타 공화국	발로타 공화국	3953년 1월 1일	제리드발로 공화국	4596년 4월 22일	발로타 지도.png		Éhvęgzí	1° 35′ 3″ K, 86° 2′ 40.9″ V	Éhvęgzí	레니스카 문화권	발로타 문화					발로타족, 제리드족		파셀어	라틴 문자, 키릴 문자			무교	이원집정부제		페르트 Fertă	₣	자소크년	ASN+18	ZV	ZVT	齊	제				이룰 연방, 대엔지 제국, 플리오센 공화국	이디니어	5013년 7월 21일	유제이체 공화국, 노베몰마디아 공화국												1.2M																								미터법	좌측통행	3	제리드발로 공화국/외교																												
김현제 → 피페레 기여진	Atriack Jiphidanerir	Wynhorde / Egoyjayomx	주아트리아 산업단지	주아산단기.png	앙둔국장.png	Shiredzanum Angdunyuphaba	무한강대한 앙둔의 권능	아홉 영웅 찬가	#141e32	앙둔아청색	white	#ffc8cb	피페레 시나	white	우이뇨르데, 에괴자욤	주아산단	4633년 6월 18일	용앙협정	5081년 4월 14일	{{주아산단 지도|폭=330}}	아트리아 대륙 북동부의 소국.	중앙관리실			돠냐부미 문화권	아까샤 문화	산업단지	2개 산단					피페레어,, 우이뇨르데괴자욤어	제라시아 문자, 와르나말라 문자		시띵교 xx%, 오대궁교 xx%, 멤블로디 xx%		입헌군주제, 의원내각제, 양원제, 기업국가	켸피투	피페레 테테르	₸	셀렌드리얼 전례력, 자소크력	ASN+9		AGAT	駐亞産團	주아산단				피페레 제국										-												해룡	산단경비대					자본주의적 시장경제	dd. m. yyyy.	약 210	5000				총감관				제국 표준 단위계	우측통행			AG																											
카야, 스치, 시모킴	Simetasich	Simetasis	시메타시스	시모제도국기.svg					#3ece8d	시메타시스 그린	white	#2c2c2c	시메타시스 블랙	white	우훗 제도	우훗	2948년 5월 13일			simetasis.svg		이틱		파트라세타, 이틱-에소이르					172,335,294	5200			시메타시스어	재민				엘리트주의		엘리트	Ē	자소크력	ASN+15 ~ ASN+16	SI	SIM	矢	시	5105년 5월 5일	UMG 합병			자소크어, 아브렌시아어, 모닉쇼어	5218년 7월 2일	에비타겐-밀리아 왕국, 북 하키엘러시아 포터스공학 연맹, 양 사시나 철학단, 북 자소크 평의회, 아브렌시아, 모닉쇼 공화국, 극해 과학자와 군인과 인민 연합 코뮌																																									시메타시스	4156년 4월 11일																									
스치	  	Eraxeniluins dé Zasoque	자소크 철학단	자소크국기.svg	복각상운명태.svg	Tagòm, ad vagòm.	생각하라, 그리고 가져라.	세행진가	#FDDE59	SHTELO SCH VANILLA	black	#2C2C2C	SHTELO GRAY	white	자소크 국가연합	자소크 철학단	4008년 2월 5일	UMG	4164년 8월 15일	Zasoque_map.png		하키엘러시아	50° 47’ 39.0” U, 151° 14’ 18.4” V	나스비키아, 피체바니아			에이다첼	17주					자소크어	재민	운론	운론 92%, 종교 없음 8%	운론	철인정치, 의원내각제, 공화제, 선거군주제, 입헌군주제	제일철학자	자소크 테로	Ŧ	자소크력	ASN+14 ~ ASN+18	ZS	ZSQ	乍	사				북 하키엘러시아 포터스공학 연맹, 양 사시나 철학단, 북 자소크 평의회, 모닉쇼 공화국, 야마토 사회주의 공화국 연방, 플리오센 공화국, 셰스카테, 그래그래 공화국, 테사시테스 자치령										-						칼리토	00현	에바	00시		UMG		자소크 철학단/군사																	우측통행																														
	피페레 제국, 피니투라-페투치아-레조넌스 제국	Pipere Empire ·, Finitura-Fetuccia-Resonance Empire			트라치아 문장.png	위대한 아도르카 시띵	magna adreka sedis													Tasdia de sat.png	아트리아 대륙에 위치한다.	제로소		제로소							용인족 100%		피페레어, 페투치아어	라틴문자	시띵교	국교 시띵교 100%	시띵교	입헌군주제,양원제	아도르카	테테르	T	자소크력(임시)																																																							페투치아어	앙겔로 왕가	아르마르 n세	pt.																					
	바란	바란 왕국	바란	바란국기.svg			정직한 힘, 올바른 의도	계승가								건국	4305년 1월			파일:바란지도.svg		세스라인드	23° 45′ 00″ K, 98° 48′ 45″ N	바움, 베니치, 세스라인드, 토니에									바란어	바란어	부토니에 성교	성신교 100%	성신교	철인정치, 점조직	계승자	바	Va	자소크력	ASN+6																																																				바란 왕국	4308년 8월																									
스치	UMG	Uatazasonuifashas dé Mäquoçe’ lo Gor, Simetasiche Maeftadit	UMG	UMG.svg					#2c2c2c	슈텔로 그레이	white	#f7f7f9	슈텔로 화이트	black	자소크 철학단, 시메타시스	UMG	4164년 8월 15일	시메타시스	5105년 5월 5일						자소크 문화권	자소크 문화 · 시메타시스 문화							자소크어, 시메타시스어	재민						시메타시스 엘리트	Ē	자소크력	ASN+15	UM	UMG	北乍	북사																																																																										
Rainykaya	Arda Eslayósámir 'Zatenda	Golyfiushtelo die Zatenda	자텐다 황금전단	자텐다 황금전단.jpeg	자텐다 국장.png	En Nazyótt Lóc Eštráizem	흘러간 파도조차 기억하겠노라	석양의 끝을 적시는 파도	white	자텐다 화이트	black	#f8ce22	자텐다 골드	white	파랑 기병대	자텐다 황금전단	3285년 4월 22일	자텐다-프레니처 변방왕조	3484년 2월 16일	{{자텐다 황금전단 지도|폭=330}}	북메디아 해안 근처의 노란색 국가 및, 북탄디아 중앙의 제도	에르뎀	31° 12’ 56.2” U, 32° 44’ 17.5” N	에르뎀	북메디아 문화권	파랑 문화	권역급	권역 7개	29,778,526	5190	자텐다인 81.14%, 스트러세이 7.08%, 세이안인 4.33%, 솔니 2.41%, 동라루단인 1.63%, 상 프레니처 솔니 1.25%, 자수르만인 0.42%, 기타 1.74%	239.81	자텐다어	파랑 문자	파랑전승	파랑전승 83%, 어스몬 신앙 11%, 흘러간 신 신앙 4%, 운론 1%	파랑전승	상업중심주의, 평의회	사데나	자텐다 라키리	Ķ	파랑력	ASN+1, ASN-2	ZT	ZTD	黃	황	빛을 잃은 황금	3829년 3월 6일		사흐러이스탄 부족연맹, 쇠예흐 대제국, 상 프레니처, 에세르데소니, 신앙의 결행자		5192년 2월 6일	쇠예흐 대제국, 자텐다 해방연맹	권리헌납	4214년 7월 3일	북메디아 전쟁	5190년 1월 6일									주급	주 33개, 독립시 6개, 자치주 3개																																																					
	Erasheniluoquosé Karopnatio dé Zasoque	Zasoque	자소크 국가연합	복각상기.svg		Tagòm, ad vagòm.	생각하라, 그리고 가져라.	세행진가	#FDDE59	SHTELO SCH VANILLA	black	#2C2C2C	SHTELO GRAY	white	자소크 문화	자소크 국가연합	2820년 9월 7일	HTC 통일	3577년 2월 5일			하키엘러시아	50° 47’ 39.0” U, 151° 14’ 18.4” V	텔리아토스, 치흐									자소크어	재민	운론		운론	공화제		테로	Ŧ	자소크력	ASN+14 ~ ASN+18	ZA	ZAS	乍國聯	사국련						4008년 2월 5일	자소크 철학단																																															자소크 철학단, 시메타시스																				
김현제 → 기타 국가화	Agdun Exurop	Tainatio di'Ãdun	앙둔 제국	앙둔제국국기.svg	앙둔국장.png	Sirejanum Agduniufaba	무한강대한 앙둔의 권능	아홉 영웅 찬가	#141e32	앙둔아청색	white	#ff6666	앙둔산호색	white	헤스할디레, 울타펭차르, 스샤툴루아	앙둔 제국	1999년 3월 19일			{{앙둔 지도|폭=330}}	現 메티샤의 자유와 미래 지역에 존재하였다.	앙두노르	28° 16’ 34.4” U, 156° 11’ 21.7” N	앙두노르	갑인 문화권	앙둔 문화	주현급	9대현 9주 72현	57,291,011	4900	갑인 91.2%, 기타 8.8%	41.64	헤이어	투꺙 문자	멤블로디	멤블로디 100%	멤블로디	전제군주제, 기업국가	켸피투	앙둔 러뭉	Ł	자소크력, 회유력	ASN+10 ~ ASN+11	AG	AGD	央	앙				크리상테스 왕국	럼티어, 칭보흐어	5278년 7월 3일	앙둔 망명정부, 갑인 철혈 중갑함대, AR , 메티샤의 자유와 미래							갼데 앙둔					1,375,621	항호급	729항 6561호			4900		해룡	앙둔 제국군					자본주의적 시장경제	yyyy년 mm월 dd일	약 300	4900								갑인표준	우측통행	4	틀:앙둔 외교																												
	Де Масʼфʼо та ерӧнгеретʼвеьт	Taiquorsinatio die Erøngeretie	에뢴게레티 공화국	에뢴게레티국기.png					white	에뢴게레티 화이트	black	black	에뢴게레티 블랙	white											돠냐부미 문화권	아까샤 문화							파셀어	키릴 문자, 와르나말라 문자										ER	ERN	壹	일				무후니아 공화국, 주아트리아 산업단지, 칼로이디아, 피페레 제국		4979년 1월 12일 (합병)	피페레 제국																																																																			
	Uhutxetasich	Uhutétasis	우훗 제도	우훗국기.svg					#080535	우훗 네이비	white	#f4c500	우훗 옐로	white	에비타겐	분리독립	2948년 5월 13일					이틱		에소이르									자소크어	재민				엘리트주의		엘리트	Ē	자소크력	ASN+15 ~ ASN+16	UH	UHU	宇	우						4156년 4월 11일	시메타시스																																																																			
Magica	Demokratiska federationen av Lusita		루시타 민주 연방	루시타의 국기.png		Frihet, Rättigheter, Kamp	자유, 권리, 투쟁		#071F4F	루시타 인디고	#FFFFFF	#FFFFFF	루시타 비트	#071F4F	루시타 사회주의 연방 공화국							누나마누트 연방시	중앙루시타 지역	알루아틀라크 연방시		루시타 문화	사회주의 공화국	6개국	275,120,248	5872			루크스카어	키릴 문자, 라틴 문자				공화제, 이원집정부제, 사회주의 연방제, 양원제	총서기	크리네	K			FL	DFL	露	로														세드나 프레슬라나																																																												
엘나	Liatospa Lonja	Solatio die Lynä	러냐 신정국	러냐 신정국 국기.png					#6aa84f	러냐 그린	white	#741b47	러냐 퍼플	white		건국	기원전 4000년 경			{{러냐 신정국 지도|폭=330}}	펠레마 동쪽, 아트리아 서쪽에 걸쳐 있다.	마히냐			펠라트리아 문화권	러냐 문화							러냐어	러냐문자	한냐한교(Hannjahan)	한냐한교(Hannjahan) 100%	한냐한교(Hannjahan)			호단나(Hotanna)	HTN.			LY	LYN	論	논/론				피페레 제국, 칸다리 천문국, 한카 교회국										샤델(Satel)																																																												
Kogito	Hemelvaarht hx Eriphme	Tainatio di'Emelvart	헤멜바르트 제국	헤멜바르트국기.svg		Jilno Enox Thruth	단 하나의 진리		#14a74d	헤멜바르트 그린	white	#f2c004	헤멜바르트 골드	white		헤멜바르트	377년 4월 6일			Hamelvaart_map.svg		노에미스			메데마 문화권	헤멜바르트 문화							트라벨레메	라틴 문자				절대왕정		드록	Ð	자소크력	ASN+6	HM	HMV	解	해				일라스파니스티칼리바, 네즈니베, 리프노이																																																																						
Sakura, SPY	ヤマトシャカイシュギキョウワコクレンポウ	Karokarotataiquorsinatio die Ämato	야마토 사회주의 공화국 연방	야마토 사회주의 공화국 연방.svg		バンコクノロウドウシャヨ、ダンケツセヨ！	만국의 노동자여, 단결하라!	국제가	#cd0000	야마토아카	#fff	#ffcc00	야마토키	#fff		10월 혁명	4437년 11월 8일			{{야마토 지도|폭=330}}	북메디아 북동부의 붉은색 국가	무사시		무사시	야마타이 문화권	야마토 문화	사회주의 공화국	8개국					야마토어	야마토 문자	국가무신론	무종교 100%		인민공화제(민주집중제), 사실상 독재정권	국가주석	야마토 엔	¥	연방기원	ASN+6	YM	YMT	大	대				이렘나 무정부지대, 네라다 공민공화국, 미르부슈의 둥지, 사흐러이스탄 부족연맹, 에이와 공민공화국, 에이지 공민공화국, 에이센 공민공화국, 에이쇼 공민공화국, 아마야스 주 정부				적백내전	4496년 4월 13일	대숙청	4510년 9월 9일																																					연방 성립	4438년 5월 1일																									
	Urůgunedux Nwenů	Karonatio die Misesaria	미세자리아 연합	미세자리아국기.svg					#ef6c0a	미세자리아 오렌지	white	white	미세자리아 화이트	black		미세자리아	4292년 1월 8일					이티츨라티파츠			메데마 문화권	으루그네드 문화권			757,292	4700			뎅구르어	뎅구르 문자				민주공화제, 부족연합, 사법국가	수석판관	미세자리아 예놈	Ŷ	자소크력	ASN+7	MS	MSS	湄/北湄	미/북미				남미세자리아 부족공화국		4796년 6월 6일	아르토이트 제국																									자본주의					수석의원		수석장관						1	미세자리아 연합#외교																												
Compass Cat	Felinkia		펠라인카이아	펠라인카이아_깃면.svg		Míak, Flieka, Grísha!	포용, 평화, 축제!	화음의 노래								건국	3986년 4월 1일					키나트		키나트									펠라인카이아어	크림				직접민주주의	로케	니냐크	nn	자소크력	ASN+8																																																																														
	Grosha	Grosha	그로샤	그로샤제국국기.svg					#a00707	그로샤 레드	white	#0707a0	그로샤 블루	white						발로타-그로샤_지도.svg													그로샤어					테크노크라시		할렌	Ħ		ASN+20	GR	GRS	高	고						4518년 3월 18일																																																																				
할라 → 김현제 → 기타 국가화	百濟國	Lofanunatio di'Hanka	한카 교회국	Hanka.png		太平天國(Tay Bhieŋ Tien Cuec)	태평천국(평화로운 하늘나라)		#4ba173	파이흐체이 리오샤이흐	white	#9900ff	파이흐체이 치이샤이흐	white		엘프족	기원전 8192년 5월 22일 (신화)	왕정	기원전 5954년 8월 12일?	{{한카 교회국 지도|폭=330}}		부흐키옹		부흐키옹			교구급	분단 직전: 1경 2대교구 5교구, 분단 이후: 1경 1대교구 2교구	4,960,871	5008	한카인 50%, 콰미드 15%, 엔지인 11%, 갑인 7%, 란카헤인 4%, 발로타족 2%, 유제이츠족 2%, 기타 9%		한카어		십사처교	십사처교 54%, 기타 46%	십사처교	교회정, 집단지도체제	교황	한카 리아	₦, 兩	한카력	ASN+11~13	XC	XNC	漢	한	황정	기원전 3550년 1월 17일					아나이 공화국	교회정	928년 3월 1일	분단	5070년 5월 7일			파바유 6세						시급	분단 직전: 5시 25면 1특별연구지역, 분단 이후: 2시 12면	구급					한카군																																															
마춘식	Tath digh Múmhua	Tas die Murumuru	무르무르섬	무르무르국기.svg					#ffc3da	무르무르 핑크	black	black	무르무르 블랙	white		건국	4528년 1월 17일			{{무르무르섬 지도|폭=330}}		폔타앰			자소크 문화권	네크로 문화							무르무르어											MM	MMR	物	물																																																																										
와플	Dametasia	Tainatio die Dametasia	다메타시아 왕국	다메타시아국기.svg					#ffe298	다메타시아 옐로	black	#87cefa	다메타시아 블루	white		다메타시아 왕국	4320년 4월 1일								펠라트리아 문화권	다메타시아 문화							다메타시아어							레라헨	LRH	자소크력	ASN+6:30	DA	DAM	多	다																																																																										
	Karonatio d'Hakielúsia		하키엘러시아 국가연합													건국	3916년 8월 16일																자소크어	재민								자소크력	ASN+14 ~ ASN+18																																																																														
Rainykaya	e'Tillikriy k'Iremna	Irnikene Seshymarda, Leiheryl	이렘나 철랑대	Iremna.png	Iremna Tinbloods.png	h'Alumar ti'Selda, h'Eshende tu'Zakam	앞서간 자에게 충성을, 따르는 자에게 영광을.	명을 바치리	#0d0d0d	이렘나 블랙	white	#f4f4f4	이렘나 화이트	black	파랑 기병대, 엘레르디 왕국	이렘나 기사단국	3313년 4월 11일	이렘나 기사 제후국	3916년 8월 20일	{{이렘나 철랑대 지도|폭=330}}	지도에서 짙은 회색으로 표시된 모든 지역	셀니키히	53° 09’ 91.8” U, 84° 79’ 55.2” N	셀니키히, 세셸브, 레르디에	북메디아 문화권	파랑 문화	지역 연맹구급	기사연맹관할구 15개[8개], 외부기사단 지방 2개, 실리킬 기사연합지구 3개, 특수 기사단 1개	9,897,912	5270	이렘나인 33.54%, 바샨니인 32.80%, 엘레르디 6.89%, 자소크인 13.16%, 텐메이인 8.06%, 아투제르인 1.26%, 네라다인 2.19%, 기타 3.10%	70.55	이렘나어, 바샨니어, 알루테릴	바샨니 문자, 파랑 문자, 엘레르디 문자	파랑전승	파랑전승 68%, · 시에다니파 30%, · 이키림 파 18%, · 레센 파 13%, · 아크츠모르파 2%, · 샤틴 파 2%, · 헤트마냐트 파 1%, · 기타 2%, 바샨니 전통종교 5%, 별하늘의 이야기 12%, 초월 오팔투 신봉자 3%, 텐메이교 9%, 셰르나피흐데 1%, 기타 종교 1%, 종교 없음 1%	파랑전승-시에다니 파	군사정권(일체군국주의), 과두제(기병과두의회)	철랑대장	이렘나 트리키라	Ɨ	파랑력	ASN+4, · 이렘나 반도, · 세셸브 반도, · 네라다 지방, ASN+5, · 셰헤카사 제도, ASN+2, · 실리킬 기사단	RN	IRN	鐵	철	네라다-셰헤카사 주권연합	3917년 2월 13일		구오, 야마토 사회주의 공화국 연방, 미르부슈의 둥지, 주북메디아 신산업지구	텐메이어, 자소크어	5287년 3월 16일	이렘나 무정부지대, 네라다 공민공화국, 셰헤카사	이렘나 철랑대	4048년 2월 15일	레르디에 군정청	4048년 2월 17일	실리킬 기사단	4610년 5월 2일							지방급	53개 지방				헤렌챠페흐 지방, 하르트셰켈라야 지방, 메네이키흐 지방, 아르페흐네사 지방									79.12												이렘나 철랑대/외교																												
천도	Cheondo	Cyndo	천도	천도 국기.png					navy	천도남색	white	white	천도백색	black						{{천도 지도|폭=330}}																							ASN+9	CH	CHN																																																																												
	天桜	Amazakura	아마자쿠라	아마자쿠라 국기.svg		桜の国	벚꽃의 나라	텐메이찬가	#cc2142	텐메이아카	white	white	텐메이시로	black		아마자쿠라	4019년 7월	2차 대정봉환	4442년 4월			헤이주		헤이주, 이요, 휴우가, 치시마	야마타이 문화권	텐메이 문화							텐메이어	텐메이 문자	텐메이교	텐메이교 100%	텐메이교	근대 입헌군주제	텐오	아마자쿠라 엔	¥	자소크력	ASN+6	AZ	AMZ	櫻/桜	앵				야마토 사회주의 공화국 연방, 아마야스 주 정부		4650년 2월 14일	텐메이 공화국, 아살리스탄 부족자치회의, 아다키 집정구역, 아마야스 주 정부, 펠로스 타소카																																																																			
SPY	ساھراستان قابلايتتفوك	Karôire die Sahryistan	사흐러이스탄 부족연맹	사흐러스탄 부족연맹 국기.png		칼은 자존심이지만, 연맹은 명예다.			#330000	사흐러이스탄 브라운	white	#ffcc00	사흐러이스탄 골드	white						{{사흐러이스탄 지도|폭=330}}	대륙 중앙에 위치한 갈색 국가	코야야르크			북메디아 문화권	어스몬 문화					자수르만인, 아투제르인		자수르만어	아랍 문자	어스몬 신앙	어스몬 신앙 97%	어스몬 신앙		헌	AR 레나	Ȑ	어스몬력		SH	SHR	沙	사				자텐다 황금전단, 야마토 사회주의 공화국 연방, 가린다리 헌국, 가베 제국, 에이엔 공민공화국, 에이와 공민공화국, 칼르신 공화국																																																																						
	ߦߘߊߘߌߍߎ	Tainatio die Zdadiu	즈다디우 왕국	즈다디우국기.png					#a6469d	레프레누 퍼플	white	white	즈다디우 화이트	black		즈다디우	2564년 6월 30일								레프레누 문화권	레프레누 문화							레프레누어, 성서 구스니어	레프레누 문자	구스니교			전제군주제	국왕	레프레누제 지디니	◕		ASN+21	LP	LPZD	立主	립주																																																																										
	ߛߕߎߣߊ	Karopaplinatio die Stuna	스투나 제국	스투나국기.png					#a6469d	레프레누 퍼플	white	black	스투나 블랙	white		스투나	2858년 4월 30일								레프레누 문화권	레프레누 문화							레프레누어, 성서 구스니어	레프레누 문자	구스니교			군주제, 공국 연합	대공	레프레누제 지디니	◕		ASN+22	LP	LPST	立首	립수																																																																										
	ߣߋߣߙߌ	Taiquorsinatio die Nenri	넨리 공화국	넨리국기.png					#a6469d	레프레누 퍼플	white	#fb636b	넨리 레드	white		넨리	2985년 3월 30일								레프레누 문화권	레프레누 문화							레프레누어, 성서 구스니어	레프레누 문자	구스니교			과두제, 상인공화제		레프레누제 지디니	◕		ASN+22	LP	LPNR	立乃	립내																																																																										
	ߤߊߡߛߌ	Natîtataiquorsinatio die Hamsi	함시 민주공화국	함시국기.png					#a6469d	레프레누 퍼플	white	#50a5f4	함시 블루	white		함시	3582년 7월 14일								레프레누 문화권	레프레누 문화							레프레누어, 성서 구스니어	레프레누 문자	구스니교			의원내각제	총리	레프레누제 지디니	◕		ASN+23	LP	LPHS	立咸	립함																																																																										
	ߛߊߛߕߎߍߊ	Anda die Sastua	사스투아 회의	사스투아국기.png					#a6469d	레프레누 퍼플	white	#50ba83	사스투아 그린	white		사스투아	3735년 1월 18일								레프레누 문화권	레프레누 문화							레프레누어, 성서 구스니어	레프레누 문자	구스니교			부족회의	대칸	레프레누제 지디니	◕		ASN+23	LP	LPSS	立社	립사																																																																										
	ߟߎ ߕߎߡߟߊ ߗߣߌߣߏ ߜߎߣߡߊ ߖߋߗߕߊ ߟߌߍߎ	Karotaiquorsinatio die Tumlasinino	툼라시니노 연방 공화국	툼라시니노국기.png					#a6469d	레프레누 퍼플	white	#ffd100	툼라시니노 옐로	a6469d	연합정부령			동방항해·메디아 발견	4336년 2월 15일						레프레누 문화권	레프레누 문화							레프레누어, 성서 구스니어	레프레누 문자	구스니교			민주공화제(대통령제), 연방제	대통령	레프레누제 지디니	◕		ASN+3	LP	LPTM	立新	립신	연합정부령 설치	4338년 3월 4일						툼라시니노 연방 공화국 성립	4412년 6월 30일																																																																	
	peritan nuit vekoluaian		베콜루아 주						#26c1db	에스라스타 블루	white	#fff300	에스라스타 옐로	black						에스라스타주지도.png				아흐크									에스라스타어 남부방언																																																																																								
기여자 이름 혹은 문서 하이퍼링크	원어	자소크어	한국어																																																																																																																						
사용자:Junhg0211	Erasheniluins dé Zasoque	Zasoque	자소크 철학단	자소크국기.svg	복각상운명태.svg	Tagòm, ad vagòm.	생각하라, 그리고 가져라.	세행진가	#FDDE59	SHTELO SCH VANILLA	black	#2C2C2C	SHTELO GRAY	white	자소크 국가연합	자소크 국가연합	2820년 9월 7일	자소크 철학단	4008년 2월 5일	Zasoque_map.png		하키엘러시아	50° 47’ 39.0” U, 151° 14’ 18.4” V	나스비키아, 피체바니아									자소크어	재민	운론	운론 92%, 종교 없음 8%	운론	철인정치, 의원내각제, 공화제	제일철학자	테로	Ŧ	자소크력	ASN+14 ~ ASN+18	ZA	ZAS	乍	사	UMG	4164년 8월 15일																																																																								
사용자:Junhg0211	Erasheniluins dé Zasoque	Zasoque	자소크 철학단	자소크국기.svg	복각상운명태.svg	Tagòm, ad vagòm.	생각하라, 그리고 가져라.	세행진가	#FDDE59	SHTELO SCH VANILLA	black	#2C2C2C	SHTELO GRAY	white	자소크 국가연합	자소크 국가연합	2820년 9월 7일	자소크 철학단	4008년 2월 5일	Zasoque_map.png		하키엘러시아	50° 47’ 39.0” U, 151° 14’ 18.4” V	나스비키아, 피체바니아									자소크어	재민	운론	운론 92%, 종교 없음 8%	운론	철인정치, 의원내각제, 공화제	제일철학자	테로	Ŧ	자소크력	ASN+14 ~ ASN+18	ZA	ZAS	乍	사	UMG	4164년 8월 15일																																																																								
	peritan nuit vehniaian		베흐니아 주						#26c1db	에스라스타 블루	white	#fff300	에스라스타 옐로	black						에스라스타주지도.png				바코아니아									에스라스타어 최남 방언																																																																																								
	peritan nuit vesitinian		베시틴 주						#26c1db	에스라스타 블루	white	#fff300	에스라스타 옐로	black						에스라스타주지도.png				빌루타티멘									에스라스타어 아후니엘 방언																																																																																								
	peritan nuit tenoreian		테노레 주						#26c1db	에스라스타 블루	white	#fff300	에스라스타 옐로	black						에스라스타주지도.png				헤르티나									에스라스타어 동부 방언·베쿰 방언																																																																																								
	peritan nuit hatsaiian		핫사이 주						#26c1db	에스라스타 블루	white	#fff300	에스라스타 옐로	black						에스라스타주지도.png				에토니아									에스라스타어																																																																																								
	peritan nuit estanian		에스탄 주						#26c1db	에스라스타 블루	white	#fff300	에스라스타 옐로	black						에스라스타주지도.png				에스티헤									에스라스타어																																																																																								
	e'Shakam k'Adaky	Halunatio die Adakie	아다키 집정구역 / 사사키 번국	아다키 집정구역.jpeg	아다키 문장.png	피를 기억하라!			#300205	사사키쿠리	#fff	#fff	사사키시로	black	아마자쿠라	아다키 집정구역	4650년 2월 14일			아다키_지도.png	야마토 사회주의 공화국 연방 우측의 흑적색 해양국	후유가	43° 16’ 29.0” U, 115° 32’ 91.7” N	후유가	야마타이 문화권	텐메이 문화			2,454,109	4670	아마자쿠라인 97.12%, 이렘나인 2.35%, 기타 0.52%		텐메이어, 이렘나어		텐메이교	텐메이교 85%	텐메이교	귀족주의, 군국주의	집정관	사사키 트리카라	Ť	텐메이력, 파랑력	ASN+5	AD	ADA	佐	좌				야마토 사회주의 공화국 연방, 아살리스탄 부족자치회의, 텐메이 공화국		4682년 8월 6일	야마토 사회주의 공화국 연방																																다이묘																																			
백과	Farum	Farum	파룸	Farum국기.png		생각해라, 생각하지 못한 것을, (raifuru、raifumaibu emishu)	아무지 알지 못한 것을 알게된다면, 더 많은 것을 얻게될 것이다.		#090a15	파룸 블랙	white	#00886a	파룸 그린	white						{{파룸 지도|폭=330}}	아트리아 남쪽에 위치한 녹색 섬나라가 파룸이다.	니트		니트					31,684	5018	마테소인 31,684명		피네트어	피네트 문자	라네쥬교	라네쥬교 67%, 무교 33%	라네쥬교	민주주의	코어	파룸 피아	φ	자소크력	ASN+9	FR	FRM	八	팔														쿠노니 카이로스			앵무새	삼백초									카이시 대군사									카이시 만쿠								우측통행			840																											
초멜	1.-7.3i.6.-7.6.3i.4.-6.3i.2.-6.3.3i.6.2i	Karonatio die Kalamandarie	칼라만다리 연방	칼라만다리 연방 국기.png	칼라만다리_연방_국장.svg	Bekratus Karlamandari	위대한 푸른 달	Bekratus Karlamandari	#00ffee	칼라만다리 시안	black	black	칼라만다리 블랙	white	아알누 공화국 말라코키아 공화국 쉬툰 공화국 안도 공화국 바라 공화국 퀴안 공화국 간다르 공화국 느홍 공화국 아라그 공화국 네이토르 공화국	칼라만다리	4679년 2월 6일			파일:Tasdia de damegasique.png	다메가시크의 전도	니어멜렉산 mt.nirmellek	다메가시크 북극점	니어멜렉산	라게트니 문화권	라게트니 문화	연방관구		최소 14800000	한카력 13100	라게트니 41% 아클룬 1% 시에스 48% 네이토르 15% 보피웨이 5%	1.92696841777	라게트니어	복소문자, 아알누 문자		복소교 53.67%, 십사처교 24.15%,, 시띵교 19.96%, 보편 정교 9.53%,, 운론 0.13%, 무교 0.1%	복소교	직접민주제, 탈중심제	연방 상원 의회장	Dier	#	한카력	ASN+12	KR	KRM	曷	갈				피페레 제국, 파룸	라게트니어(칼라만다리 연방 전역), 여와어(칸다리 천문국)	5280년 1월 8일	칼라만다리 아나키스트 코뮌 연합							아르퀴덴 시마루스				월면산호	7,680,458	공화국		시		한카력 13100	쉬툰 공화국 일부	식월사	세크라투스 마그티르					사회주의 경제 체제	yyyy년 mm월 dd일	617	한카력 13100	세크라투스 마그티르							칼라 단위계	우측통행																														
강녜르	Lumiere	Taiquorsinatio die Ruimier	뤼미에르 공화국	뤼미에르-공화국.svg					black	뤼미에르 블랙	white	#ffdc9f	뤼미에르 골드	white		뤼미에르	4672년 3월 14일			{{뤼미에르 지도|폭=330}}	아트리아 대륙 남부에 위치한 뤼미에르 공화국의 영토	끌레르							46,864	4631	마테소인		뤼미에르어	라틴 문자			라네쥬교			에르			ASN+11	LM	LMR	明	명					뤼미에르어														약 505,990																																																							
은혜누나	天令共和国	Taiquorsinatio die Tenmeie	텐메이 공화국	텐메이 공화국 국기.svg		桜の国	벚꽃의 나라	텐메이인들이여 전진하라	white	텐메이시로	black	#cc2142	텐메이아카	white	아마자쿠라	아마자쿠라 혁명	4650년 2월 14일					헤이주		헤이주, 이요, 휴우가, 치시마	야마타이 문화권	텐메이 문화							텐메이어	텐메이어	텐메이교	텐메이교 29%, 종교없음 61%	텐메이교	과두정	국가재건회의 의장	텐메이 엔	¥	자소크력	ASN+6	TM	TNM	天	천				야마토 사회주의 공화국 연방, 아살리스탄 부족자치회의, 아다키 집정구역, 아마야스 주 정부, 펠로스 타소카		4810년 1월 13일	야마토 사회주의 공화국 연방, 텐메이 특별행정구																		舊 아마자쿠라 지역																																																	
김둔둔	Waqabenk de Eqaneq	Tainatio die Ekaneque	에카넥 왕국	Eqaneq.png					#222e77	에카넥 네이비	white	white	에카넥 화이트	black		에카넥	4677년 2월 12일					칼리아르			남메디아 문화권	에카넥 문화					시엘족 97%,, 아세흐리트족 3%		에카넥어	라틴 문자				입헌군주제		에크	₵	자소크력	ASN+4	EQ	EQN	額	액																																																																										
람쥐, 샌태	그래그래 공화국	Taiquorsinatio die Gregre	그래그래 공화국	그래그래공화국.png		모든 것은 국민에 의해 결정된다.			#ffcd80	그래그래 오렌지	white	black	그래그래 블랙	white		그래그래	3088년 5월 5일	그래그래 광복	3582년 7월 6일			염방									그래인, 일산인		한국어	한글		무교 99%		민주공화제(대통령제)	그래통령	원	₩	자소크력		GR	GRE	來	래	그래통령제	3831년 4월 19일						신 그래그래 헌법	3833년 4월 22일					라블 로이스			강새											일산당	일산당	white	#50bcdf	시장경제																																										
			칸다리 천문국	칸다리 천문국.png					black	칸다리 블랙	white	lime	칸다리 그린	white								안다림			라게트니 문화권	라게트니 문화												직접 민주제, 탈중심제		Dier	#	한카력	ASN+12	KN	KND	間	간				한카 교회국,뤼미에르,러냐 신정국										지도자가 없음				블랙 히아신스								뱀		당이 없음					yyyy/mm/dd					수장이 없음		수장이 없음		수장이 없음																																
	kahunt peritan nuit vehaniaian		베하니아 항구 특별주						#26c1db	에스라스타 블루	white	#fff300	에스라스타 옐로	black						베하니아.png				유후토르									에스라스타어, 베하니아어																																																																																								
	Gutůosux Urůgunedu	Hoiretaiquorsinatio die Kitimisesaria	남미세자리아 부족공화국	남미세자리아국기.png					black	미세자리아 블랙	white	#ac0000	미세자리아 브라운	white	바란 연방	남미세자리아 부족공화국	4639년 2월 13일					탈리소브		셀로도브	메데마 문화권	으루그네드 문화			223,163	4720	미세자리아인 78%, 바란인 19%, 기타 3%		뎅구르어, 바란어	뎅구르 문자										MR	MSR	南湄	남미				미세자리아 연합, 베니치 대공국			아르토이트 왕국																																																																			
	Großainzentum Wenitz	Sulahaplinatio die Venic	베니치 대공국	베니치국기.png					#2bcfff	베니치 블라우	white	#ff5b5b	베니치 로트	white	바란 연방	베니치	4637년 2월 13일					베니치			메데마 문화권	부토니에 문화							바움베니치어	바란 문자										VN	VNC	培	배				남미세자리아 부족공화국, 바움 기사단, 서라인드 왕국		4661년 2월 11일	바움베니치 연합왕국																			곰																																																
	Neitsengruppetum Waum	Fiushtelo die Vaum	바움 기사단	바움국기.png					#ffdc00	바움 겔베	black	#ff6c20	바움 로트겔베	white	바란 연방	바움 기사단국	4643년 5월 3일					바움			메데마 문화권	부토니에 문화			1,001,621				바란어	바란 문자										VM	VAM	把	파				베니치 대공국, 서라인드 왕국		4661년 2월 11일	바움베니치 연합왕국																			사자																																																
	Taußeuh'Reindauchs Modnich	Tainatio die Veshéraind	서라인드 왕국	서라인드국기.png					#0022b7	라인드 블루	white	white	라인드 화이트	black	바란 연방							세스라인드			메데마 문화권	부토니에 문화			5,772,916	4700			바란어	바란 문자										VR	VRD	西羅	서라				베니치 대공국, 바움 기사단, 동라인드 왕국, 네즈니베			아르토이트 제국																			사자																																																
	Taußäh'Reindauchs Modnich	Tainatio die Nishéraind	동라인드 왕국	동라인드국기.png					#0022b7	라인드 블루	white	#e90808	라인드 레드	white	바란 연방							토니에			메데마 문화권	부토니에 문화			4,163,170	4700			바란어	바란 문자										NR	NRD	東羅	동라				서라인드 왕국, 네즈니베, 부세 공국			아르토이트 제국																			사자																																																
	Nezhnive	Neznive	네즈니베	네즈니베국기.png					#ffdc00	네즈니베 옐로	white	#83b925	네즈니베 그린	white	바란 연방							네즈니베			메데마 문화권	헤멜바르트 문화			1,413,552	4700			트라벨레메	트라벨레메 문자										NZ	NZH	內	내				동라인드 왕국, 일라스파니스티칼리바, 헤멜바르트 제국, 부세 공국																																																																						
	Biezachs nötane Wuser	Aplinatio die Vuse	부세 공국	부세국기.png					#3e0087	부세 퍼플	white	#e0b5ff	부세 라벤더	white	바란 연방							부세			메데마 문화권	부토니에 문화			816,332	4700			바란어	바란 문자										VU	VUS	富	부				동라인드 왕국, 네즈니베			아르토이트 제국																																																																			
	Liphnoi	Lipinoie	리프노이	리프노이국기.png					#c42500	리프노이 브라운	white	#83b925	리프노이 그린	white		수립	4604년 2월 17일								메데마 문화권	헤멜바르트 문화							트라벨레메	트라벨레메 문자										LI	LIP	臨	임/림				헤멜바르트 제국																																																																						
HerrWeiss	Arteutiches Rheik	Kreizertum Arteuterrheik, Tainatio di'Aytoit	아르토이트 제국	아르토이트제국국기.svg		Due Survente dus Rheik unf Mensh sind meines Gleure unf Arteut.	국가와 인류에 대한 충성은 나의 영광과 아르토이트일지어다.		black	아르토이트 슈바르츠	white	white	아르토이트 바이스	black	아르토이트 왕국, 네즈니베 북부 일부, 동라인드 왕국, 부세 공국, 서라인드 왕국, 미세자리아 연합	베니치 대공국	4637년 2월 13일	바움베니치 연합왕국	4661년 2월 11일			토이틴부르크 (Teutinburg)																										아르토이트 왕국	4665년						아르토이트 제국	4700년	미세자리아 연합 합병	4796년 6월 6일																																																															
HerrWeiss	Kronikertum Arteutichesrheik		아르토이트 왕국	아르토이트왕국국기.svg											바움베니치 연합왕국, 남미세자리아 부족공화국	왕국 선포	4665년 2월 11일																아르토이트어									자소크력				亞	아							아르토이트 제국																																																																			
	Ainiches Kronikerreich von Waum-Wenitz	Karotainatio die Vaum-Veniç	바움베니치 연합왕국	바움베니치국가연합기.svg					#2bcfff	베니치 블라우	white	#ffdc00	바움 겔베	black	바움 기사단국, 베니치 대공국	바움베니치	4661년 2월 11일																																				4665년 2월 11일	아르토이트 왕국																			곰, 사자																																																
무훈	Mōhunha Lōka Gannarāja	Muhunia	무후니아 인민공화국	무후니아국기.svg		Cagī Āwāza Khaloidi	좋은 소리 칼로이디	길 잃은 자여, 왜 우는가?	#cc0909	무후니아 레드	white	#f9db00	무후니아 골드	white	고투 왕국	무후니아	4297년 ~ 4303년	후무후니아	4330년 7월 3일	{{후무후니아 지도|폭=330}}		고투		안띠	돠냐부미 문화권	무후니아 문화							무후니아어	와르나말라 문자				신트로츠키주의, 독재정치	국가주석	무후니아 무훈소	ms	자소크력	ASN+9	MH	MHN	武	무				에뢴게레티 공화국, 칼로이디아		4742년 8월 19일	무후니아 공화국																									공산주의																																										
	Mōhunha Gannatatara	Taiquorsinatio die Muhunia	무후니아 공화국	무후니아국기.png		Camakandāra Kalha	밝은 내일	나의 조국이여	#0000ff	무후니아 블루	white	#f9db00	무후니아 골드	white	무후니아 인민공화국	무후니아	4297년 ~ 4303년	후무후니아	4330년 7월 3일	{{후무후니아 지도|폭=330}}		고투		안띠	돠냐부미 문화권	무후니아 문화							무후니아어	와르나말라 문자	오대궁교		오대궁교	민주공화제(이원집정부제)	대통령	무후니아 무훈소	ms	자소크력	ASN+9	MH	MHN	武	무	비공산화	4742년 8월 19일		에뢴게레티 공화국, 칼로이디아		4939년 1월 1일	아르토이트령 무후니아																					무훈민족주의부흥당	MRPK	darkorange	green	자본주의 시장경제					의장		총리		대법원장																																	
	Hortregíe		오르트레지유 대공작령	Hortregie_Flag.png																																																																																																																					
	Agníe		아그니유 대공작령	Agnie_Flag.png																																																																																																																					
	Castelmonastre		카스텔모나스트르 대공작령	Castelmonastre.png																																																																																																																					
	Pertifeuve		페르티푀브 대공작령	pertifeuve_flag.svg																																																																																																																					
	Verflore		베르플로르 대공작령	verflore flag.svg																																																																																																																					
	Glaciaque		글라치아크 대공작령	Glaciaque flag.svg																																																																																																																					
	Beatebacque		베아트바크 대공작령	beatebacque flag.svg																																																																																																																					
	Soltarmonte		솔타르몽트 대공작령	Soltarmonte flag.svg																																																																																																																					
	Strisieuge		스트리지외쥬 대공작령	Strisieuge flag.svg																																																																																																																					
	Campagne		캉파그뉴 대공작령	Campagne flag.svg																																																																																																																					
	Virtusíe		비르튀지유 대공작령	Virtusie flag.svg																																																																																																																					
	Vespresse		베스프레스 대공작령	vespresse_flag.svg																																																																																																																					
	Pastroperte		파스트로페르트 대공작령	pastroperte flag.svg																																																																																																																					
	Bonaure		보노르 대공작령	Bonaure flag.svg																																																																																																																					
	Mesina	Tas die Mesina	메시나 섬	메시나섬국기.png																{{메시나섬 지도|폭=330}}													라게트니어, 한카어									메시나력		MS	MSN	梅	매																			441.7																																																							
루루	大妍瑞帝國		대엔지 제국	대엔지 제국의 국기.png					#F5D2EC	ENJIQUE PINK	black											하나세티(華京)					국	5국					연서어	신성문자, 연서문자	리나교		리나교	전제군주제, 봉건제	황제	키엔	Ꝙ			EN	ENZ	姸	연				이룰 연방, 제리드발로 공화국														벚꽃		령	00령	시군현	00시 00군 00현																					좌측통행																														
사용자:Junhg0211	Erasheniluins dé Zasoque	Zasoque	자소크 철학단	자소크국기.svg	복각상운명태.svg	Tagòm, ad vagòm.	생각하라, 그리고 가져라.																																																																																																																		
			베르딜라 공화국	베르딜라국기.png																{{베르딜라 공화국 지도|폭=330}}		트레티		트레티							베르딜라인 99%, 자소크인 1%		베르딜라어	한카 신성문자, 한카 민중문자				공화제								陪	배				피페레 제국, 란카헤 연방																																한카군																																						
	大和社会主義共和国連邦 · 大和人民政府	Karokarotataiquorsinatio die Ämato	야마토 사회주의 공화국 연방 · 야마토 인민정부	야마토 인민정부 국기.svg		無産大衆中心の、人民政府は勝利する！	무산대중중심의 인민정부는 승리한다!	국제가	#FFFFFF	흰색	#000	#ce1126	빨간색	#fff		10월 혁명	4437년 11월 8일					사이쿄		사이쿄	야마타이 문화권	야마토 문화	독립 공화국	3개국					야마토어	야마토 문자	국가 무신론	무종교 100%		인민공화제(민주집중제)	국가주석	야마토 엔	¥	연방기원	ASN+6	YP	YPG	大	대	적백내전	4496년 4월 13일		야마토 사회주의 공화국 연방, 이렘나 철랑대		4793년 7월 20일	야마토 사회주의 공화국 연방	대숙청	4510년 9월 9일	국부천서	4763년 1월 2일			이부키 분메이											야마토 사회주의 공화국 연방 지역, 舊 아마자쿠라 지역																							연방 성립	4438년 5월 1일																									
	peritan nuit fentuvekian		펜투벡 주						#26c1db	에스라스타 블루	white	#fff300	에스라스타 옐로	black						에스라스타주지도.png				즈야라냐									에스라스타어 북서방언																																																																																								
	peritan nuit gazjaian		가쟈 주						#26c1db	에스라스타 블루	white	#fff300	에스라스타 옐로	black						에스라스타주지도.png				파우가아타									에스라스타어 북부 방언																																																																																								
	peritan nuit narviaian		나르비아 주						#26c1db	에스라스타 블루	white	#fff300	에스라스타 옐로	black						에스라스타주지도.png				헨도비에르바									에스라스타어 북부 방언																																																																																								
	peritan nuit waliian		왈리 주						#26c1db	에스라스타 블루	white	#fff300	에스라스타 옐로	black						에스라스타주지도.png				헬레벨타									에스라스타어 북부 방언																																																																																								
	peritan nuit fengiian		펜기 주						#26c1db	에스라스타 블루	white	#fff300	에스라스타 옐로	black						에스라스타주지도.png				이누우쿠									에스라스타어 북동 방언, 에스라스타계 북방 민족 방언																																																																																								
	peritan nuit mikakian		미카크 주						#26c1db	에스라스타 블루	white	#fff300	에스라스타 옐로	black						에스라스타주지도.png				펠레네보스									에스라스타어 벨록쿠와이안 방언																																																																																								
	peritan nuit kue-gisian		쿠에-기스 주						#26c1db	에스라스타 블루	white	#fff300	에스라스타 옐로	black						에스라스타주지도.png				하크니아시									에스라스타어																																																																																								
미응	Horakzon Ando		호락존 안도	호락존안도국기.svg		Monodi miiupa.	자유가 중요하다.		#071F4F	진한 남색	white	#FFC000	노란색	black		호락존 안도	4787년 1월 6일~					호락존 안도		호락존 안도	롸 문화권				3,234,503	4787	롸인 95%, 자소크인 5%		롸어	로마자	없음(정교분리)	보편 정교 2%, 십사처교 2%, 복소교 2%, 운론 2%, 원불교 2%, 종교 없음 90%	없음	의원내각제	아리데 하니안	폰	₽	자소크력	ASN+14 ~ ASN+18	HA	HRZ	瑚	호					자소크어									-			코카투(유황앵무)										호락존 안도/군사																미터법	좌측통행																														
	Puwanen Tempran Nuit Vehania		베하니아 괴뢰왕국	베하니아괴뢰왕국기.png											치니테와 왕국	베하니아 괴뢰왕국	4652년 3월 4일					오포르디테			남메디아 문화권						베하니아인 97% , 에스라스타인 2%		베하니아어																				4658년 2월 4일	베하니아																																																																			
김현제	Xesůhardire Exurok	Tainatio di'Hexaldire	헤스할디레	헤스할디레국기.png		Kepitu Hasuyi Womih	해룡이 나를 본다		#000099	헤스할디레 블루	white	#ff0000	헤스할디레 레드	white	창, 헤스, 할디레	창헤샨	501년 1월 8일	헤스	811년 1월 22일			푸스타캬	28° 16’ 34.4” U, 156° 11’ 21.7” N	푸스타캬	갑인 문화권	창헤샨 문화	주현급	3대현 3주 24현			갑인 100%		헤스할디레어	투꺙 문자	떼바	떼바 84%, 멤블로디 7%,, 기타 9%	떼바	전제군주제	용왕	헤스할디레 러뭉	HSŁ	회유력	ASN+10	HS	HSH	蟹	해	헤스-할디레 동군연합	1152년 4월 9일		울타펭차르, 스샤툴루아	창어	1999년 3월 8일	앙둔 제국	헤스할디레	1342년 6월 16일					일갸르 헤스할디레						항호급	243항 2187호						헤스할디레군						yyyy년 mm월 dd일	약 30	?								갑인표준	미규정																														
	Hanate un Sonoŕ, (سونورا حانليگي), (Kósmir 'Sónóban)	Tainatio die Garindarie	소노르 헌국	소노르_헌국.jpeg		Maŕ. Aŕ. Haŕ.	그 타오름에 밝아라		white	가린다리 화이트	black	#15b390	가린다리 시안	black	소노르계 군소 국가	소노르 헌국	4277년 2월 17일			5150년_이전_북메디아_서부_지도.png	북메디아 서부 해안의 하늘색 해양국가	라이센트		라이센트	북메디아 문화권	소노르 문화	현급	현 10개	2,725,092	5150	소노르인 48.69%, 자수르만인 25.93%, 가베인 13.97%, 자텐다인 10.18%, 기타 1.23%	62.31	소노르어, 자수르만어, 자텐다어, 가베어	소노르 문자, 아랍 문자, 파랑 문자	어스몬 신앙	어스몬 신앙 91%, 파랑전승 5%, 기타 4%	어스몬 신앙	헌국, 군주제	헌	자텐다 라키리	Ķ	어스몬력	ASN+1	GD	GDH	渴	갈				사흐러이스탄 부족연맹, 자텐다 황금전단, 가베 제국		5150년 3월	쇠예흐 대제국													시급	시 56개																																																					
	peritan nuit pino-gisian		피노-기스주						#26c1db	에스라스타 블루	white	#fff300	에스라스타 옐로	black						에스라스타주지도.png				하르야벤타									에스라스타어																																																																																								
에스지마	gabe japunhy		가베 제국	가베.png		Xuwznadu gaurbuwa tuta jop to twen nak xugantu to ghi moq.	나라를 이루어 서로를 이롭게 하라 이르셨다.	찬양하라, 우리의 광활한 하늘과 땅을	#15149B	가벤 브뤼	white	#ffffff	흰색	black		가베 제국	4442년 6월 2일	뢰이사드 왕조	4620년 6월 20일	{{가베 제국 지도|폭=330}}	남쪽과 서쪽으로 바다를 접하는 파란색 국가	누콰티		제카투마, 레핀	가베 문화권		주	5주	15,719,620	5091	가베인 94.31%, 자텐다인 2.2%, 자수르만인 1.03%, 기타 2.46%		가베어	가베문자	이흐자크교	이흐자크교 85% 이상		군주제	왕(아후드)	키	亐	자소크력, 가베제국독자연호	ASN+4 ~ ASN+5	GB	GAB	甲	갑				사흐러이스탄 부족연맹, 가린다리 헌국	신듀킷	5150년 2월 9일	쇠예흐 대제국							뢰이사드				매화나무	218,985	현	16현	시(영지)	276시(16공국 38후국 52백국 81자작령 86남작령 3기타)									자본주의		90(±15)	5000		국회의장(로아후드)	수시변경	왕(아후드)	뢰이사드	대법원장(유타후드)	수시변경	크룸	우측			620								Tainatio die Gabe																			
에스지마	nqt	nuqati	누콰티 시	누콰티.png					#000000			#15149B															가베 제국	아로크 주 마느어파 현	1,237,398(±500)	4890								직접군주제																												317																																																							
고로소	도르나라	Micinatio die Dor	도르나라						#ffcc33	도르옐로	black	#2f62a2	도르블루	white						{{도르나라 지도|폭=330}}	내륙의 노란색 국가				북메디아 문화권	도르 문화					도르워프		도르말			석가교, 까치교, 도르신교		부족정						DR	DRN	乭	돌																																																																										
할라 → 김현제 → 기타 국가화	淸安王國	Tainatio die Seian	세이안 왕국	세이안왕국국기.png					#0487e2	세이안 아오	white	white	세이안 시로	black				세이안 시	(불명)	세이안 지도.png	남서쪽의 파란 섬이 세이안 왕국이다. 쟈헤나 섬은 세이안 왕국의 속령이다.	난세이		난세이	야마타이 문화권	세이안 문화					세이안인 100%		세이안어	신성문자	삼십이처교	삼십이처교 100%		군주제	대왕				ASN+3	SA	SAN	安	안	세이안 왕국	3171년 2월 8일												쇼토쿠 오오키미											자텐다 황금전단 전지역																																																	
	Eſerdesolny	Eserdesoinie	에세르데소니	에세르데소니.jpg					#6b8100	카둔 올리브	white	white	카둔 화이트	black		남부 카둔 부족	3230년 2월 2일	솔니 혈족	3435년 5월 7일	{{카둔 지도|폭=330}}	자텐다 황금전단과 접하는 올리브색 국가	세르네데		세르네데	카둔 문화권	솔니 문화			1,541,922	5095	솔니 78.8%, , 상 프레니처 솔니 12.5%,, 자텐다인 7.2%,, 기타 1.1%		솔니어	파랑 문자	침엽수 교단	침엽수 교단 63.3%, 파랑전승 25.4%, 어스몬 신앙 9.5%, 기타 1.8%	침엽수 교단	공화제	제 1 교류자				ASN+2	ED	EDS	埃	애	에세르데소니	4571년 3월 12일		자텐다 황금전단, 상 프레니처, 중부 아이르테피 혈족, 신앙의 결행자		5192년 2월 6일	쇠예흐 대제국, 자텐다 해방연맹	북메디아 전쟁	5191년 2월 2일																																																																	
	Mormikruyxe Brinuyſ, Reyóná Prenicá	Ügraprenict	상 프레니처	상 프레니처.jpg					#005f5c	카둔 그린	white	white	자텐다 화이트	black		브레니스 왕국	2152년 1월 7일	대파랑	3201년 9월 1일	{{카둔 지도|폭=330}}	자텐다 황금전단의 북쪽에 있는 청록색 해양국	러요치		서녀슈트러코네바시	카둔 문화권	상 프레니처 솔니 문화			1,454,912	5095	자텐다인 54.2%, 상 프레니처 솔니 38.9%, 솔니 3.5%, 기타 3.4%		상 프레니처어, 자텐다어	파랑 문자	파랑전승	파랑전승 91.1%, 어둠안개 교단 7.3%, 기타 1.1%	파랑전승	군주제	기사단장	자텐다 라키리	Ķ		ASN+2	RP	RP	上佛	상불	프레니처 기사단	3285년 7월 20일		자텐다 황금전단, 에세르데소니, 중부 아이르테피 혈족, 연해 솔니 혈족		5192년 2월 6일	쇠예흐 대제국, 자텐다 해방연맹	상 프레니처	4381년 2월 9일	북메디아 전쟁	5190년 1월 6일																																																															
	Axen Suĭlltſkaĭlle	Narisanroidédürziâsin	신앙의 결행자	신앙의 결행자.jpg					#480665	카둔 바이올렛	white	white	카둔 블랙	black		남부 카둔 부족	3230년 2월 2일	스트러세이 혈족	3201년 9월 1일	{{카둔 지도|폭=330}}	자텐다 황금전단의 북쪽에 존재하는 좌우로 긴 보라색 국가	세이에닐		세이에닐	카둔 문화권	스트러세이 문화			2,335,163	5095	스트러세이 83.8%, , 솔니 12.6%,, 자텐다인 0.9%,, 기타 2.7%		스트러세이어	카둔문자	흘러간 신 신앙	흘러간 신 신앙 98.9%,, 기타 1.1%	흘러간 신 신앙	신정 군주정	결행의 비늘				ASN+2	AS	ASL	信決	신결	신앙의 결행자	3617년 4월 13일		자텐다 황금전단, 에세르데소니		5192년 1월 19일	쇠예흐 대제국	북메디아 전쟁	5190년 8월 19일																스카일틸라																																																	
	Qizrâ Nimgůr Solny	Kaäsinis die Solnie dé Dadivatorickos	연해 솔니 혈족	연해 솔니 혈족.jpg					#e7d8ff	카둔 핑크	white	black	카둔 블랙	white		남부 카둔 부족	3230년 2월 2일	연해 솔니 혈족	4143년 5월 3일	{{카둔 지도|폭=330}}	바다에 접하는 연보라색 국가, 본토 북쪽 타 지역과 떨어져있는 곳이 로지냐드 요새이다.	에시뇌아		로지냐드	카둔 문화권	상 프레니처 솔니 문화			219,354	5095	상 프레니처 솔니 91.3%,, 솔니 8.2%,, 기타 0.5%		상 프레니처어	카둔 문자	어둠안개 교단	어둠안개 교단 91.1%,, 침엽수 교단 7.8%,, 기타 1.1%	어둠안개 교단	부족정	혈족장				ASN+2	NS	QNS	沿	연	북메디아 전쟁	5191년 4월 21일		상 프레니처, 중부 아이르테피 혈족		5192년 2월 6일	쇠예흐 대제국, 자텐다 해방연맹																																																																			
	Gesyor Framonâx Aertefi	Kaäsinis die Airtefie d’Açentem	중부 아이르테피 혈족	중부 아이르테피 혈족.jpg					#6a2965	카둔 퍼플	white	white	카둔 화이트	black		모르냐크 문명	3479년 3월 19일	중부 아이르테피 혈족	4564년 1월 21일	{{카둔 지도|폭=330}}	자텐다 황금전단에 접하지 않으며, 다른 소국들로 둘러쌓인 자주색 국가	카르니사르		카르니사르	카둔 문화권	모르냐크 문화			254,127	5095	모르냐크 91.5%, 상 프레니처 솔니 4.3%, 솔니 3.1%, 기타 1.1%		모르냐크어	카둔문자	말리카시아	말리카시아 75.9%, 어스몬 신앙 12.8%, 어둠안개 교단 7.1%, 침엽수 교단 2.8%,, 기타 1.4%	말리카시아	부족정	혈족장				ASN+2	GF	GFA	中五	중오	북메디아 전쟁	5191년 6월 13일		상 프레니처, 에세르데소니, 연해 솔니 혈족		5192년 2월 6일	쇠예흐 대제국, 자텐다 해방연맹																																																																			
에스지마	zekatuma		제카투마 시	제카투마.png					#BF1212			#ffffff															가베 제국	아로크 주 세레 현	831,620	4855			가베어					공작령	공작																						휘카 가문					1208																																																							
에스지마	repin		레핀 시	릐푸니.png					#ffffff			#d72828															가베 제국	베가웨퉤 주 콰이니 현	1,187,627	4864								공작령	공작																						조지프 이로킬					1117																																																							
Rainykaya · 김현제	זה קיון מירבושום	Glidoliah die Mirbushu	미르부슈의 둥지	미르부슈기.png					#49d086	미르부슈 그린	white	#4986d0	미르부슈 블루	white	미르부슈 부족회의	미르부슈 과두정	1636년 2월 15일	미르부슈의 둥지	3132년 4월 20일	{{미르부슈의 둥지 지도|폭=330}}	이렘나 철랑대와 야마토 사회주의 공화국 연방에 접해있는 연두색 내륙국	키타아즈		라두산	셰르 문화권	미르부슈 문화			6,125,926(주권지역 전체), 5,503,315(실효지배 영역 한정)	5000	미르부슈인 94.1%,, 크라니시스인 5.7%,, 기타 0.2%		미르부슈어	히브리 문자	셰르나피흐데	셰르나피흐데 79.7%, 어스몬 신앙 16.4%	셰르나피흐데	귀족공화제, 오권분립,, 의원내각제, 간선제	항라머리	미르부슈 숑올	₪			QM	ZQM	眉	미				이렘나 철랑대, 야마토 사회주의 공화국 연방																					주북메디아 신산업지구												감싼날개		빛나는술		날선발톱															짙은눈테	굳센부리																	
다이아	estihe denad		에스티헤	에스티헤.png												에스티헤	4123년 2월 4일								남메디아 문화권	에스라스타 문화					테이아인 52%, 카스메니인 11%,, 트우레인 12%, 코르카냐인 21%,, 기타 4%		에스라스타어					입헌군주제		페사	PE	자소크력, 에스라스타 연호																																																																															
	جمہوریہت كاليسين	Taiquorsinatio die Kalysin	칼르신 공화국	칼르신.jpeg			누를리 어스몬과 누를리 자믄의 뜻대로.	무엇을 두려워하리	#3e8493	칼르신 블루	white	#fff7d9	칼르신 아이보리	black		칼르신 공화국	4344년 2월 17일			{{칼르신 공화국 지도|폭=330}}	북메디아 노나티오 평원의 하얀색 나라	하이로이잔			부토니에 문화권	칼르신 문화			3,643,210	5290	칼르신인 76.34%, 미르부슈인 15.86%, 크라니시스인 3.76%, 자수르만인 2.12%, 기타 1.90%	54.05	칼르신어	아랍 문자	어스몬 신앙	어스몬 신앙 97.12%	어스몬 신앙	과두공화정, 비밀회의	법관	AR 레나	Ȑ			KS	KSZ	活	활					크라니시스어, 미르부슈어																																		일람브라 회의																																			
리키	Fliosen Masllo Blioso		플리오센 공화국	플리오센국기.png		Letrovemso Lündeneo.	자연을 알라.		#defbff	siclobis blue	black	#fffda6	lenum yellow	black				플리오센 공화국	3789년 9월 3일			Nüavoz ( 뉘아보즈 )		Meglots ( 메글로츠 )									파인어	라틴 문자				대통령제		넬	Ň	자소크력		FB	FMB	岪	불				노베몰마디아 공화국, 셰스카테, 그래그래 공화국, 테사시테스 자치령															163,433													자본주의	MM.DD.YYYY																																									
진라면순한맛	kuntantinunamakuku, gok tinudanma	tinutanma, tinudanma	디누단마	sitin_mui_tinu_tan_ma.svg		UA MUTIN, MUNSI TIN TANA(m), FU MTI, OTO V(f)	더 멀리, 미래를 향해	군도의 노래	#B68AFF	마 나수	white	#0002FF	디누 나수	white		군단디누나마구구	4502년 8월 1일	나수니	4707년 3월 19일	1000px		나우 시운		나우 시운, 만 마			마	15도					무디 두기, 퍈프소븜	시디니, 라틴문자	지정되지 않음	십사처교 22%, 운론 1%, 종교 없음 77%	십사처교	민주공화제, 대통령제	대수	테로, 마니	Ŧ, ℳ	자소크력	ASN+13	TT	TTM	水	수				앙둔 제국										산 신니시시 단 구누니신니미						시운	경						디누단마/군사					자본주의							정청수	산 신니시시 단 구누니신니미				우측통행																														
Rainykaya · 김현제	Wunvediack Vendujiphieyeowir	es'Dichaniyn re'Hene er'Reeche, זה חהדעשס אזור תעשייה צופונמהדיאם	주북메디아 신산업지구	주북신산구기.png					#2c395d	신산구 네이비	white	#eaa88f	신산구 피치	black	미르부슈의 둥지	미르부슈의 둥지	3132년 4월 20일	주북메디아 신산업지구	4901년 7월 19일	{{미르부슈의 둥지 지도|폭=330}}	미르부슈의 둥지의 해안을 차지하던 국가.				셰르 문화권	미르부슈 문화			622,611	5000	갑인, 이렘나인, 미르부슈인		헤이어, 이렘나어,, 미르부슈어	투꺙 문자, 바샨니 문자,, 파랑 문자, 미르부슈 문자	없음	셰르나피흐데 71.7%	셰르나피흐데	불법지사, 범죄국가, 기업국가						WV	WVV	新産區	신산구	이렘나-앙둔 예속	4930년 2월 6일		이렘나 철랑대, 미르부슈의 둥지		5278년 8월 2일	갑인 철혈 중갑함대																																																																			
Rainykaya · 김현제	Wunvediack Jiphidanerir	WunMediak Gifidanerir	주북메디아 산업단지	주북산단기.png	앙둔국장.png	Davaz buyotakhakh hedabirt, Nunuz khyorutakhakh colvirt.	앞서간 자에게 충성을, 따르는 자에게 영광을.	명을 바치리	#141e32	앙둔아청색	white	#ff6666	앙둔산호색	white		주북산단	4632년 1월 7일			{{이렘나 철랑대 지도|폭=330}}	이렘나 세셸브 지방에 위치한다.	중앙관리실			북메디아 문화권	파랑 문화	산업단지	1개 산단	617,259	5095	이렘나인 %, 갑인 %		헤이어, 이렘나어	바샨니 문자, 파랑 문자		파랑전승 %, 멤블로디 %	파랑전승	군사정권(일체군국주의),, 과두제(기병과두의회), 기업국가, 자치령	철랑대장	이렘나 트리키라	Ɨ	파랑력	ASN+4	RN	RNSE	駐北産團	주북산단				미르부슈의 둥지										-													이렘나군												총감관	-																																		
김현제 → 기타 국가화	Shapvediack Jiphidanerir	SapMediak Gifidanerir	주남메디아 산업단지	주남산단기.png	앙둔국장.png	Shiredzanum Angdunyuphaba	무한강대한 앙둔의 권능	아홉 영웅 찬가	#141e32	앙둔아청색	white	#ff6666	앙둔산호색	white	네르포피 섬	주남산단	4881년 5월 3일				남메디아 서쪽의 작은 섬.	중앙관리실			앙둔 문화권	갑인 문화	산업단지	1개 산단			갑인 57.2%, 레프레누인 42.8%		헤이어, 레프레누어	투꺙 문자, 레프레누 문자		멤블로디 36%, 구스니교 18%	멤블로디	전제군주제, 기업국가, 자치령	켸피투	앙둔 러뭉	Ł	자소크력, 회유력]]	ASN+3	AG	AGNE	駐南産團	주남산단				툼라시니노 연방 공화국										-													앙둔 제국군					자본주의적 시장경제	yyyy. mm. dd.						총감관	넬라이잠베헤 샹게			갑인표준	우측통행																														
김현제 → 기타 국가화	Phelevack Jiphidanerir	Felemak Gifidanerir	주펠레마 산업단지	주배산단기.png	앙둔국장.png	Shiredzanum Angdunyuphaba	무한강대한 앙둔의 권능	아홉 영웅 찬가	#141e32	앙둔아청색	white	#ff6666	앙둔산호색	white	코티야 섬	주배산단	4888년 8월 8일				펠레마 남쪽의 작은 섬.	중앙관리실			앙둔 문화권	갑인 문화	산업단지	1개 산단			갑인 %		헤이어	투꺙 문자		멤블로디 %		전제군주제, 기업국가, 자치령	켸피투	앙둔 러뭉	Ł	자소크력	ASN+9	AG	AGCO	駐倍産團	주배산단				러냐 신정국										-													산단경비대					자본주의적 시장경제	yyyy. mm. dd.			앙둔 제국군			총감관	-			갑인표준	우측통행																														
김현제 → 기타 국가화	Reniskack Jiphidanerir	Renisrkrak Gifidanerir	주레니스카 산업단지	주이산단기.png	앙둔국장.png	Shiredzanum Angdunyuphaba	무한강대한 앙둔의 권능	아홉 영웅 찬가	#141e32	앙둔아청색	white	#ff6666	앙둔산호색	white	모하지 지협 남단	주이산단	4885년 2월 6일				레니스카 모하지 공화국의 남단 일부.	중앙관리실			앙둔 문화권	갑인 문화	산업단지	1개 산단			갑인 %, 그로샤인 %, 자소크인 %, 플리오센인 %		헤이어, 자소크어, 파인어	투꺙 문자		멤블로디 %		전제군주제, 기업국가, 자치령	켸피투	앙둔 러뭉	Ł	자소크력, 회유력	ASN+20	AG	AGGR	駐利産團	주이산단				모하지 공화국		5084년 7월 16일								-													앙둔 제국군						yyyy. mm. dd.						총감관	-			갑인표준	우측통행																														
김현제 → 기타 국가화	Atreniskack Jiphidanerir	Atrenisrkrak Gifidanerir	주아트레니스카 산업단지	아양산단기.png	앙둔국장.png	Shiredzanum Angdunyuphaba	무한강대한 앙둔의 권능	아홉 영웅 찬가	#141e32	앙둔아청색	white	#ff6666	앙둔산호색	white	운산도 · 관문도	아양산단	4895년 4월 21일				아트레니스카의 작은 섬들.	중앙관리실			앙둔 문화권	갑인 문화	산업단지	2개 산단			갑인 %, 디누산 %, 한카인 %		헤이어, 무디두기	투꺙 문자, 시디니		멤블로디 %, 십사처교 %		전제군주제, 기업국가, 자치령	켸피투	앙둔 러뭉	Ł	회유력	ASN+13	AG	AGAR	亞洋産團	아양산단				디누단마										-													앙둔 제국군					자본주의적 시장경제	yyyy. mm. dd.						총감관	-			갑인표준	우측통행																														
김현제 → 기타 국가화	Tandiack Jiphidanerir	Tandiak Gifidanerir	주탄디아 산업단지	단양산단기.png	앙둔국장.png	Shiredzanum Angdunyuphaba	무한강대한 앙둔의 권능	아홉 영웅 찬가	#141e32	앙둔아청색	white	#ff6666	앙둔산호색	white	알리 섬	단양산단	4900년 1월 1일				탄디아 라루단 연방의 섬 중 하나.	중앙관리실			앙둔 문화권	갑인 문화	산업단지	1개 산단			갑인 %		헤이어	투꺙 문자		멤블로디 %		전제군주제, 기업국가, 자치령	켸피투	앙둔 러뭉	Ł	자소크력, 회유력	ASN+20	AG	AGTN	丹洋産團	단양산단						5078년 5월 11일	스르할리코트 군정청							-													앙둔 제국군					자본주의적 시장경제	yyyy. mm. dd.						총감관	-			갑인표준	우측통행																														
고로소, zer0ken, 시띵, 리조니	Παζιαρμα φωτηρ α, ⳼Πινιτυρα⳼Πετυψηια⳼Ρεζονανψε	Finitura-Fetuccia-Resonance Empire, Tainatio die Pinitura-Petucia-Rezonyns	피니투라-페투치아-레조넌스 제국	트라치아 국기.svg	트라치아 문장.svg	명심하라, 단 하나의 빛은 시띵이다.	Ρεμρνγι γνε, ⳼ΣΙΔΔΙΝΓζια ονστ ριτστηρ.	영광 찬가	#ffc8cb	Πιπερε σινα, 피페레 핑크	white	black	Πιπερε καλον, 피페레 다크	white	혼란시대	피페레	2003년 3월 10일				아트리아 대륙에 위치한다.	로토시아		로토시아, 제로소, 밀레니얼	아트리아 문화권	콰미드 문화			약 1,078,345,80		콰미드 96%, 에뢴게레티인 3%, 기타 1%	26.03	피페레어	제라시아 문자 (그리스 문자)	시띵교	시띵교 98%, 고의식파 시띵교 2%	시띵교	제정일치, 입헌군주제, 의원내각제, 양원제	아도르카	피페레 테테르	₸	셀렌드리얼 전례력 (전례력), 자소크력 (정부력)	피니투라 ASN+9, 페투치아 ASN+11, 레조넌스 ASN+12	PP	PPR	龍	용				주아트리아 산업단지, 아르토이트령 무후니아, 칼로이디아, 러냐 신정국, 란카헤 연방, 한카 교회국										아르마르 23세				피페레 연꽃	3,704,961							콰미드							dd/m/yyyy	45.4			제국의회 의장	피케니아 에보아 피케우베	제국수상	러바르니아 제로키아 로시네	재판대서사	사르니아 밀레니오 메데르	제국 표준 단위계	우측통행																														
Rainykaya	î'Lenivelle î'Sechekasa	Isylkruas, î'Lenevelu î'Sechekasa	셰헤카사 제도	셰헤카사_제도.jpeg		h'Alumar ti'Selda, h'Eshende tu'Zakam	앞서간 자에게 충성을, 따르는 자에게 영광을.	별이 흐르는 물길 곁으로	#f4f4f4	이렘나 화이트	black	#011b35	셰헤카사 네이비	white	쿠로유키 문명	이렘나 기사단국	3845년 7월 22일	네라다-셰헤카사 주권연합	3917년 2월 13일	{{셰헤카사 지도|폭=330}}	프로테샤에 걸친 섬들	헬디니	66° 27’ 35.4” U, 103° 25’ 10.7” N	헬디니	북메디아 문화권	파랑 문화			810,447	5270			이렘나어, 바샨니어, 알루테릴, 텐메이어	바샨니 문자, 파랑 문자, 엘레르디 문자, 텐메이 문자	파랑전승	텐메이교 54.35%	텐메이교	군사정권(일체군국주의), 과두제(기병과두의회)	흑설의 기사단장	AR 레나	Ȑ	파랑력	ASN+2	RN	RNSC			이렘나 철랑대	4048년 2월 15일		-	텐메이어			메티샤의 자유와 미래	5287년 1월 4일	셰헤카사 해방	5288년 2월 14일																셰헤카사 흑설기사단, 셰헤카사 빙하선단																			셰헤카사 제도/외교																												
Rainykaya	î'Valfrie Nerada	Balbrit Nireyd, Arnäme, î'Velpraya Nerada	네라다 지방	네라다.jpeg		h'Alumar ti'Selda, h'Eshende tu'Zakam	앞서간 자에게 충성을, 따르는 자에게 영광을.	고요한 바람만이 남으리	#d7d7d7	네라다 그레이	black	#0c0c0c	이렘나 블랙	white	아투제르 니레이드 분파	이렘나 기사단국	3791년 1월 35일	네라다-셰헤카사 주권연합	3917년 2월 13일	{{네라다 지도|폭=330}}	이렘나 철랑대 동남부 야마토 사회주의 공화국 연방과의 접경지대에 존재하는 자치지방	세니디카	47° 12’ 50.5” U, 88° 26’ 90.2” N	세니디카, 알테	북메디아 문화권	파랑 문화			852,340	5270			이렘나어, 알루테릴, 네라다어	바샨니 문자, 파랑 문자, 엘레르디 문자	파랑전승	파랑전승 91%, · 레센파 52%, · 이키림 파 24%, · 시에다니 파 15%,	파랑전승-레센파	군사정권(일체군국주의), 과두제(기병과두의회)	평원의 칼끝	이렘나 트리키라	Ɨ	파랑력	ASN+4	RN	RNND			이렘나 철랑대	4048년 2월 15일		이렘나 철랑대, 야마토 사회주의 공화국 연방			네라다 공민공화국																				네라다 선봉대, 네라다 망원선단																			네라다 지방/외교																												
Rainykaya	Eskára si Vanüie Eplismora Sementie-Nerákrüs, (Ainzentum Sementie-Nerakrüs)	Aplinatio die Sementie-Nerakrus	자비롭고 신성한 세멘티-네라크뤼스 공국	세멘티네라크뤼스.jpeg	세멘티네라크뤼스 국장.png	Eskár va Rẽ sti Vanüta	자비는 곧 신성의 이름이라	안개바다의 밤	white	세멘티 화이트	black	#151515	세멘티 블랙	white	파랑 기병대	아르토이트 제국	4920년 1월 14일	세멘티-네라크뤼스 공국	4919년 7월 20일	{{세멘티 공국 지도|폭=330}}	해협 근처의 검은색 국가	스레니아일	0° 98’ 35.4” U, 83° 26’71.2” N	스레니아일	북메디아 문화권	파랑 문화	영지	2개 영지	815,360	5270	세멘티인 52%, 아르토이트인 30%, 미세자리아인 9%, 코르인 5%, 옐 퀼로인2%, 퀼로인 1%, 기타 1%	211.46	세멘티어, 아르토이트어, 미코로스 아케뒤	파랑 문자	파랑전승	파랑전승 91%, - 네라크뤼스파 72%, - 라미망 파 19%, 뤼페 8%	파랑전승-네라크뤼스 파	귀족주의	공작	세멘티 루키라	Ⱪ	파랑력	ASN+5	SN	SNK	世內	세내																																																																										
FM0905	Faladi Xoqşaisaqatişt Xoqveazsa	Faladi Xoqveazsa	팔라디 민주 공화국	팔라디 국기.svg		Ej, toköqaf to' xeifyoşat xoqveazdim veaqadinja!	오, 공화국을 정의롭게 이끄는 국민들이여!		#002395	하친다 블루	white	#EB5059	세슈타 레드	black								엘마스카드		엘마스카드, 론다함	남메디아 문화권						린드인 60%, 루멜리인 30%, 케반인 10%		린드어			나시아교 60%		민주공화제		고리아	GO	자소크력		FA	FAL	破	파					루멜리어, 케반어	5275년 10월 27일																																																																				
진라면순한맛	國神法丫服, gok sʋ draksai	gok sv draksaje, DRAKSAJE	드락사예 신국	emfkrtkdPrnrrl.png		呵于已丫已夕大一于, 已法丫服已午子午丫	드락사예님, 우리를 용서하여 주시옵소서	한계 없는 힘	#001F09	呵一丫已子㐃	white	#FFFFFF	一已丫夕大	black		드락사예 신국	3295년 1월 15일					손		손			음	4도			디누산 100%		퍈프소븜	라틴 문자	미츠드락사예	미츠드락사예 100%	미츠드락사예	군주제	스부리르	수스브	$	자소크력	ASN + 14	DX	DXY	頭	두				디누단마 대엔지 제국	무디두기	5101년 5월 19일								✝다레이다즈봅 코즈 드락사예						솔	경											공산주의												좌측통행																														
다이아	Adesperitan Nuit Dimertesien		에스라스타령 디메르테스 자치령	디메르테스.png					#26c1db	에스라스타 블루	white	#fff300	에스라스타 옐로	black		에스라스타 자치령국	4656년 6월 11일	디메르테스 자치령	4947년 3월 1일			디메르테스		디메르테스	펠레마 문화권	디메르스타 문화														페사	PE	자소크력, 에스라스타 연호		ES	ESDI	涯地	애지																																																																										
FM0905	Миллети Аутономаны Румелији Арпалаң	Миллети Аутономаны Арпалаң	아르팔랑 루멜리인 자치주	아르팔랑 주기.svg		бог, Народ, Јурт	신, 민족, 조국		#002395	루멜리 블루	white	#FFFFFF	루멜리 화이트	red								알툰쾬		알툰쾬	남메디아 문화권	루멜리 문화					루멜리인 80%, 린드인 20%		루멜리어, 린드어			크리스트교 90%		민주공화제		고리아	GO	자소크력																																																																															
IMENOS · 스치 · Liki	De Mas'f'o ta Mòhaź	Taickohrszinatiho di Mohrazi, Le Moazi Listazorozo Blioso	모하지 공화국	모하지국기.svg		Vłvoé Çżóŕézmül, Szatészinavisztaszin, Viellê Sorzestogglo	세계의 전달자		#2996cc	모하지 파랑	white	#fdde59	모하지 노랑	#2c2c2c	제리드발로 공화국	모하지 공화국	4958년 8월 22일			{{지도 크롭/경위도																																																																																					-58	-15	1.5	300	200												
다이아	神聖王國		신세이 왕국	신세이.png					#8cfffb	신세이텐사쿠	white	#ffca18	신세이슈사쿠	white		신세이	4968년 3월 9일					큐우시(京市)											신세이어		텐한교			왕정제						SO	SIN	神																																																																											
그늘로	Jirule Hma	Karonatio die Ïrul	이룰 연방	이룰 연방 국기.svg		Shmsas Jirule	이룰은 언제나 하나		#220611	외흐즈다에글라	#F1FdF7	#F1FdF7	에즐라헤흐가	#220611				이룰 연방	4658. 6. 11	{{지도 크롭/경위도|lat=-128|long=-17|size=1.8|width=320|height=180}}													이룰어							이룰 곱드	ʡ			IR	IRL	義	의				제리드발로 공화국, 대엔지 제국																																																																						
세디유	Lažervera, Laža	Lazërvera, Lazä	라졔르베라, 라쟈	라쟈국기.svg	라졔르베라 국장.png				#75aadb	라졔르베라 스카이 블루	white	#004080	라졔르베라 블루	white								아스트레바		아인즈로							라졔라스 60%, 셰스카테계 13%, 로요그리로아계 7%, 자소크계 5%, 루시코와계 5%, 풀르계 2%, 기타 3%		라졔르베라어(라죤)	라틴 문자				자유민주주의, 이원집정부제, 공화제	대통령	라졔르베라 아쥬비실	Ą	자소크력	ASN+20	LA	LAZ	羅	라				사떼 로요그리로아셴, 셰스카테, 레체테베카인로스 자치국, 셰스카테령 오모나섬										슬레튼 머로네											셰스카테 레쳇파룸 주 일부, 셰스카테 레체테베카인로스 주 일부																																																	
김현제 → 기타 국가화	木土	Motlanétasis / Aikitasis	목토	목토기.png					#88aa88	목색	black	black	토색	white	티카(무주지)	엘프 남하	불명			{{은 지도|폭=330}}	현 은 장성연맹 영토의 일부를 차지하고 있었다.	목토		목토	엘프 문화권	목토 문화					목토인 100%		목토어	고대 신성문자				민주공화제(원시민주주의),, 집정부제, 연방제, 모계사회	족장				ASN+2	ML	MHL	木	목						불명	은 장성연맹							?			극제비갈매기									흉내이리						원시공산주의																																										
김현제	朝國 / 于三乃女	Tainatio di'Asa	아사나라	아사기.png		日女尤強一十	날로 더 강하게		#ff697f	아사홍색	white	#694794	아사자색	white		아사성	불명					아사성		아사성	레니스카 문화권	아사 문화	성	1수도성 5성			아사인 97% 가량으로 추정		아사어	신성문자, 고줏굴	동레니스카 샤머니즘	동레니스카 샤머니즘	동레니스카 샤머니즘	전제군주제, 선거군주제, 연맹국가	금강공	돈, 푼	錢, 分	연호제	ASN+21 추정	AS	ASA	朝	조						불명								조륜			봉황	오얏꽃		읍	5성도읍 275읍					금강원	아사군					농본주의, 중농주의	yyyy.mm.dd.	약 40	연구: 4987								척관법																															
	Hanyo Nvypac Sihagir	Flufiunadodastrend	생체병기통제계획	HNS.png		Zomik Muquy Baradu	우리의 터전을 아름답게		#545e72	HNS그레이	white	white	HNS화이트	black		HNSY	5000년 3월 7일	HNS	5010년 2월 22일	{{앙둔 지도|폭=330}}	앙둔 제국의 수직 해상 도서 지역에 총본부가 있다.						본부	1개 총본부					가입국의 언어 전부	라틴 문자					사무총장			자소크력		HN	HNS	生統	생통														아셀타그 세이난						대표부	11개 대표부	사무소	2개 총사무소, x개 사무소														심의위원장	-	운영위원장	-	감찰위원장	-																																
김현제	Huzthaphengthar Hequromp	Tainatio di'Ultafeñcar	울타펭차르	울타펭차르국기.png		Hephěqizte Kiroki	자유를 칭송하라		black	울타펭차르 블랙	white	#990099	울타펭차르 퍼플	white	할디레	켸네이	520년 6월 13일	할디레	851년 6월 7일			테비야나		테비야나	갑인 문화권	켸네이 문화	주현급	3대현 3주 24현			갑인 100%		울타펭차르어	투꺙 문자	떼바	떼바 96.1%, 멤블로디 3.9%,, 기타 1%	떼바	선거군주제, 군사정권	양손	울타펭차르 러뭉	ULŁ	회유력	ASN+10	UL	ULT	乙	을	울타펭차르	1337년 5월 5일		헤스할디레, 스샤툴루아	헤스할디레어	1998년 5월 3일	앙둔 제국													항호급	243항 2187호						울타펭차르군						yyyy년 mm월 dd일	약 30	?								갑인표준	미규정																														
Daco77	㒱囯	Rušikowa	루시코와	Rusikowa.png		㒱为。(Rušinye galile!)	꿈을 위하여!		#EABF8C	Beige	black	#000000	Black	white								緑山京(Slisa zša)		緑山京(Slisa zša)		샤모초 문화, 세베 문화							로포나어	신성문자, 루시메즈, 키릴문자						鏋(Jima)	JM	루시알리(㒱暦), 자소크력		RK	RSK	夢	몽				대엔지 제국, 유제이체 공화국 로요그리로아, 셰스카테	세베나어													동백꽃	638191																									우측통행																														
Daco77	㒱都联邦, 㒱联	Rušilixilopo, Rušilo	루시로	Rusikowa.png		㒱为。(Rušinye galile!)	꿈을 위하여!		#3A7541	Green	white	#EABF8C	Beige	black								緑山京(Slisa zša)		緑山京(Slisa zša)		샤모초 문화, 시투차 문화, 세베 문화 등			약 23억명				로포나어	신성문자, 루시메즈, 로마자, 웨즈메즈, 키릴문자						jima(鏋)	JM	루시알리(㒱暦)										세베나어, 누이미나어. 베로초어													동백꽃									없음																	우측통행																														
imenos	Judeiçiu Mashot	Taiquorsinatio die Üzeice	유제이체 공화국	유제이체 국기.png		.	이제 이 바닥은 우리가 뒤집는다		#3b2cb0	유제이체 블루	white	#378546	유제이체 그린	white	제리드발로 공화국	유제이체 공화국	5010년 8월 14일					Tekent(테켄트)			레니스카 문화권	유제이체 문화					유제이츠족, 발로타족		유제이츠	라틴 문자			무교	이원집정부제				자소크년	ASN+18	JG	JGC						이룰 연방, 대엔지 제국, 루시코와	파셀어																																						미터법	좌측통행	3	유제이츠 공화국/외교																												
다이아	Adesperitan Nuit Hersitesien		에스라스타령 헤르시테스 자치령	헤르시테스 자치령.png					#26c1db	에스라스타 블루	white	#fff300	에스라스타 옐로	black		에스라스타 자치령국	4656년 6월 11일	헤르시테스 자치령	5030년 4월 2일						북메디아 문화권	헤르시스타 문화							에스라스타어					입헌군주제		페사	PE	자소크력, 에스라스타 연호		ES	ESHE	涯海	애해																																																																										
김현제	Aģ Kóķeŋcêkkêl id Têqîfáy	Quomakanatio die Tyquifah	터흐파으 숙명국	터흐파으.png		Aņ Kóķeŋca ţa Hêqêh in Zûlsîfáy	숙명은 우리의 행복		black	Têqîfázûŋ	#FDD218	#CE1127	Têqîfáwár	#FDD218	펠레마의 고대 성읍들	터흐파으	기원전 4000년 경			{{펠레마 지도}}	러냐를 제외한 펠레마 대부분을 차지하고 있었다.	애주쿨 이반차			펠레마 문화권	터흐파으 문화							터흐파으어					전제군주제, 공동군주제, 봉건제, 실용주의	좌왕·우왕																						-			두건베짜기새	펠레마피나무								흰개미																																																
사용자:Yonggarii	Нітрюнггахот Ларудан	Nitryonggakhot Larudan	라루단 연방	Larudan_Flag.png		Xора та Порасап	인내를 통한 힘	공식국가 없음	#17B0C7	라루단 블루	black	#000000	블랙	white	라루단 부족연방	라루단 부족연방	불명	나루단 제도 자치령		Screen_Shot_2022-11-14_at_12.40.20_PM.png	빨간색이 본토, 연한 빨간색이 자치령이다.	없음, (명목상) 카르탄	38° 12’ 48.0” U, 32° 45’ 23.0” V	카르탄	라루단해 문화권	서라루단 문화	자치령	2					중앙라루단어 (서라루단 방언)		라루단 토착신앙	불명	라루단 토착신앙	군주제, 라루단식 봉건제, 파벌제, 준고립주의	태왕/대족장			라루단력, 자소크력	ASN+21	LD	LRD	抟	단	북라루단 자치령				나루단어 (남라루단어), 북서라루단어, 서라루단어															왕국	1	공국	4					지배파벌	중앙개혁파	black	#17B0C7	시장경제(공식), 물물교환, 수렵채집(문화적)													4																		추장국	11	독립시	3	현	47	차파벌	라루단고립파	white	black		
	Tehiſꝟaſlhas Rvanpvens'ha, Âtvigrim Disgum	Revónym Sá Arvónt	불타버린 고리	불타버린 고리.jpeg					#A3B5C0	로네 그레이	white	#990303	카둔 레드	black		로네 부족	1013년 5월 19일	불타버린 고리	4122년 2월 6일	{{카둔 지도|폭=330}}	도르나라에 접경하는 회색 국가	사나타시			셰르 문화권	로네 문화			125,701	5095	로네인 73%, 카둔 계통 제민족 22%		로네어, 모르냐크어	마사투 문자	검은 시내	검은 시내 87.9%, 어스몬 신앙 10.1%	검은 시내						ASN+2	TE	TER						도르나라																																																																						
리조니	Nation Sacrum Veréternias	Solenatio die Vereternïe	베레테르니유 신성국	베레테르니유 신성국의 국기.svg|200px	베레테르니유 신성국의 방패.svg|120px	젖과 꿀이 흐르는 서쪽의 영원한 봄의 땅		성스러운 세분의 노래	#CE0F25	피의 적색	#FFE24B	#FFE24B	빛의 금색	#000000	터흐파으 숙명국, 부르심의 대항해	건국	5037년 5월 17일					콘트라티움(Contratium), ("테오도코스께 봉헌한 성스러운 도시")		콘트라티움	크리상테스 문화권	베레테르니유 문화					펠레마 크리상테스인, 펠레마 수인		크리상테스어	라틴 문자	콘트라티노스파 보편교회	보편교회 80%, 기타 20%	콘트라티노스파 보편교회	봉건제, 수도원 체제	대공	아우룸	Ɐ	자소크력										민크어, 피페레어, 바란어									헤로노스 콘트라티노스			왕부리새								펠레마 전역 (명목), 크리상테스 전역 (명목)	검은 고양이	성전십자군, 베레테르니유 친위대					금본위제		평균 46.2		베레테르니유 친위대																																						
FM0905	Sokahalëk Kevanovoli Rëdimvëdakeiv	Sokahalëk Rëdimvëdakeiv	소카하 케반인 자치주	소카하 주기.svg		Sakidafal Pasa Kowan.	태양이 우리와 함께하신다.		#0099FF	케반 블루	white	#FFD700	케반 옐로우	white								소카너		소카너	남메디아 문화권	케반 문화					케반인 90%, 린드인 10%		케반어, 린드어, 루멜리어			케반 토착신앙 60%, 나시아교 30%		민주공화제		고리아	GO	자소크력																																																																															
	Taezitas Nuit Esrastien		에스라스타 대연방기구						#26c1db	에스라스타 블루	white	#fff300	에스라스타 옐로	black		에스라스타 연방	5090년 6월 11일					에스티헤											에스라스타어		페스냐교			입헌군주제		페사	PE	자소크력, 에스라스타 연호		ES	ESR	涯	애					디메르테스,헤르시테스계 에스라스타어																																																																					
할라 → 김현제	寒海民國	Taiquorsinatio di'Anaie	아나이 공화국	한해일출기.png		民有 民治 民享(Binew Bintie Binheane)	국민의, 국민에 의한, 국민을 위한		#0275d8	아나이 칭지크	white	#ec9f19	아나이 옹지크	white		엘프족	기원전 8192년 5월 22일 (신화)	왕정	기원전 5954년 8월 12일?	{{한카 교회국 지도|폭=330}}		아나이 시		아나이 시			시도급	2직할시 2도					아나이어					민주공화제(대통령 중심제)	총통	아나이 리오니	₦, 兩	자소크력	ASN+12	HH	HNH	寒	한	황정	기원전 3550년 1월 17일						교회정	928년 3월 1일	분단	5070년 5월 7일			-						시군구급	12시 14군 00구						아나이군										총유	-	총치	-	총향	-																																
붜례로 루휜	Шate Royoγωlroasen ei φaπni δeto	J Loöhijloa die Sat	사트 로요그리로아국	로요그리로아니-사트.png					#8CACD6	NOTOI EΓO	white	#FFDB67	ΔETOI EΓO	black				사트 도착	자소크력 5092년 8월 21일, 개척자력 1000년 4월 21일			수도 노교댜(Nojodya)					지역·섬	00지역, 00섬					로요그리로아니어, 뱃속	나류 문자(로), 혼합 문자(로), 로마자(로/뱃), 색깔 문자(뱃)	나류 신앙		나류 신앙	민주공화제, 연락대표제,, 양원제, 다당제, 지방분권	연락대표	가나제랴	⎈	개척자력, 자소크력-나류력	ASN+19	RO	ROG	鹵	로				육상 접경, 루시코와, , 해상 접경, 대엔지 제국, 신세이 왕국, 라졔르베라																식민지	000식민지	마을	0000마을									자본주의												우측통행																														
람쥐	일산 제국	Tainatio di'Ilsan	일산 제국	일산국기.png		국가의 빚을 갚으러 일터로 나가라!			#AEFBEF	일산 스카이블루	black	white	일산 화이트	black	지정국			지정국	1665년 2월 7일			지정											한국어	한글		무교 99%		제국주의	황제					IS	ISN	刪	산	일산 제국	3535년 2월 3일				3831년 3월 1일	그래그래 공화국							파지리 트리트파			강새															공산주의																																										
	Серхалихот (Ларудан)	Serhalikhot (Larudan)		스르할리코트 기.png		Xора та Порасап	인내를 통한 힘		#17B0C7	라루단 블루	white	#141e32	앙둔아청색	white	주탄디아_산업단지	라루단 부족연방	불명	주탄디아 산업단지 해체	5078/5/11		탄디아 라루단 연방의 섬 중 하나.	알리		알리	앙둔 문화권	갑인 문화					갑인 %		라루단어	라루단 문자		라루단 토속신앙, 멤블로디				앙둔 러뭉	Ł	[라루단력]], 자소크력	ASN+21	SM, SA	SHM , SHA			스르할리코트 군정청	5078/5/17			헤이어	5088/5/17	라루단 연방	스르할리코트 자치주	5083/5/17					-																		자본주의적 시장경제	연호y년 (yyyy.) mm. dd.						총감관	-				우측통행																														
자소크, 제리드발로 계 기타 국가	Taiquorsinatio die Novemolmadia		노베몰마디아 공화국	노베몰마디아_국기.svg					#FDDE59	노베몰마디아 노랑		black	검정	white	제리드발로 공화국	건국	5014년 1월 17일																자소크어													新	신				플리오센 공화국																																																																						
	Серхалихот	Serhalikhot	스르할리코트	스르할리코트 자치현 기.png		Xора та Порасап	인내를 통한 힘		#17B0C7	라루단 블루	white	#141e32	앙둔아청색	white	스르할리코트 군정청			스르할리코트 자치주	5083/5/17		탄디아 라루단 연방의 섬 중 하나.	아리		아리	라루단 문화권	나루단 문화							라루단어	라루단 문자		라루단 토속신앙, 멤블로디						라루단력, 자소크력	ASN+21	SH	SRH			스르할리코트 자치현으로 편입	5088/5/17			헤이어																											자본주의적 시장경제	연호y년 (yyyy.) mm. dd.											우측통행																														
	Нархот	Narkhot		나르코트 공국기.png		Xора та Порасап	인내를 통한 힘		#2B293C	로나르단 흑색	white	#ffffff	백색	black	로나르단 시국	나르코트 왕국		라루단에 복속		나르코트 지도.png	나르코트의 위치	로나르단		로나르단	나루단 문화권	서라루단 문화							라루단어	라루단 문자		라루단 토속신앙			대공			[라루단력]], 자소크력	ASN+21	NR	NAR			나르코트 독립			라루단 왕국	북서라루단어			연방	4732/8/1																								연호y년 (yyyy.) mm. dd.											우측통행																														
	Ларудан	Larudan		라루단 왕국기.png		Xора та Порасап	인내를 통한 힘		#17B0C7	라루단 블루	white	#141e32	백색	black	카르탄 왕국			라루단 왕국 선포		라루단 왕국 지도.png	탄디아 라루단 연방의 섬 중 하나.	카르탄		카르탄	나루단 문화권								라루단어	라루단 문자		라루단 토속신앙						라루단력, 자소크력	ASN+21	LK	LRK			연방헌법 통과	4732/8/1		나르코트 공국																													연호y년 (yyyy.) mm. dd.											우측통행																														
세찬	Sulatainatio die Tikan		티칸 대제국	티칸국기.svg					#b73b3b	빨강	white	white	하양	#b73b3b		건국	5105년 3월 18일																자소크어																																																																																								
자소크, 이렘나 계 기타 국가	e'Kichel ke'Sarsaukis	Acëfiurutanin dé Zasoque	자소크 맹세기사단	자소크맹세기사단국기.jpg		h'Eshech r'Alumar tu'Da!	그대에게 충성의 손길을!		#1c1c1c	회색	white	white	흰색	black	자소크 철학단	자소크 철학단	4008년 2월 5일	이렘나 철랑대	5104년 5월 8일	{{틀:지도 크롭/경위도		타샤트페흐			탄티샤 문화권	자소크 문화							자소크어, 이렘나어	재민, 파랑 문자	운론			군사정권(일체군국주의)	기사단장	기사단 테로	Ț	파랑력, 자소크력									자소크 철학단		5125년 8월 10일	자소크 철학단																																																			-88	48	2	300	200												
	قويايارك		코야야르크																						북메디아 문화권	어스몬 문화					자수르만인 62%, 칼티인 21%,, 아투제르인 12%, 기타 5%		자수르만어, 칼티어, 아투제르어, 자텐다어, 얼티닝 콜							자텐다 라키리	Ķ																																																																																
쿠루쿠	Scheskatté	Exeskate	셰스카테	셰스카테-001.png	셰스카테 국장-001-removebg-preview (1).png	Ilad comsen gá comkreittropim Meras.	자유와 화합으로 뭉친 우리.	Vansi lo növ tempimerzé	#3A4CA8	Inmogen pradon	white	#FFFFFF	Siet	black	셰스카테 임시정부	건국	5111년 2월 7일	첫번째 영토확장	5130년			키에츠로이베		키에츠로이베			자치령	셰스카테령 오모나섬	18,201,156	5291	자소크계 35%, 플리오센계 21%, 풀르계 10%, 라졔르베라계 9%, 루시코와계 8%, 모하지계 8%, 유제이체계 4%, 앙둔계 3%, 겔레아계 2%		셰스카테어, 파인어	라틴 문자		무종교 46%, 쿠므사테 25%, 운론 25%, 흐줌사테 4%		자유민주주의, 민주공화제, 대통령제, 다당제, 연방제, 문민통제	대통령	셰스카테 아비실	Å	자소크력	ASN+19	SK	SCK	惠	혜	두번째 영토확장	5156년		유제이체 공화국, 루시코와, 플리오센 공화국, 모하지 공화국, 테사시테스 자치령, 라졔르베라	풀르어									-			참매								레체테베카인로스 자치국, 파룸카테		셰스카테 국군																	우측통행																														
튈렛 티 에스지마	xajnos totkatwe	Hoirenatio di'Ainos	한국어	아이노스.png		Pij xablaz tatan lemuwdu xazniwa, To klonh tatan lemuwdu xazniwa	신께서 주신 힘으로, 신께서 주신 목표를		#120D6E	아이노스브륀	#FFFFFF	#ffffff	하얀색	#120D6E	가베 제국			아이노스 공화정당	5116년 6월 20일						가베 문화권		시	단일도시	73, 112	5120			가베어	라틴문자				공화정	카란	키	亐		ASN+4	AI	AIN	呂	여				가베 제국		5150년 1월 23일	쇠예흐 대제국							디 우흐														적색보수당	적색보수당	#000000	#ff77ff												크룸				62																											
	Jimũdigi ayl Gĩsĩ	Dolianoxtelo die Minque	민크인 디아스포라	민크민족기.png		Ids yñ hay yũca wayed	집으로 돌아가자		#d7066f	민크 퍼플	white	#77ff29	민크 그린	white	민크 농본주의 공동체	민크	4517년	민크인 디아스포라	4640년 ~														민크어					공동체주의, 민족주의	대현자					MK(비공인)	MNK(비공인)	珉	민														-											구 민크 농본주의 공동체 지역							약탈경제																																										
Rainykaya	Rôzzinyað Sĭene	Søde Rozinyâ	로지냐드 요새	로지냐드.jpg					#ecf1f6	카둔 클라우드블루	#052c54	#041320	카둔 블랙네이비	white		로지냐드 요새	1870년 6월 11일	연해 솔니 혈족	4143년 5월 3일	{{카둔 지도|폭=330}}	연해 솔니 혈족의 지역에서, 본토 북쪽 타 지역과 떨어져있는 곳이 로지냐드 요새이다.	로지냐드		로지냐드	카둔 문화권	로지냔 문화	러이제냐	로지냐드	1,878,890	5270	로지냔 96.5%		로지냔어	제르사냐티	파랑전승	자정의 발걸음 95.3%	자정의 발걸음			AR 레나	Ȑ		ASN+2	NS	NSRZ			자텐다 해방연맹	5192년 2월 17일						AR 프레니처	5263년 7월 19일																																																																	
에스지마	soejeh hijapunhy		쇠예흐 대제국	쇠예흐.png		Pij xablaz tatan lemuwdu xazniwa, To klonh tatan lemuwdu xazniwa	신께서 주신 힘으로, 신께서 주신 목표를.	찬양하라, 우리의 광활한 하늘과 땅을	#0E0657	누스브륀디	white	#ffffff	흰색	black		쇠예흐 대제국	5150년 3월 2일			{{가베 제국 지도|폭=330}}	남쪽과 서쪽으로 바다를 접하는 파란색 국가	아이노스		제카투마, 레핀	가베 문화권		주	6주	12,719,620	5220	가베인 88.91%, 자텐다인 7.2%, 자수르만인 2.13%, 기타 1.76%		가베어		이흐자크교	이흐자크교 89% 이상	이흐자크교			키	亐	자소크력	ASN+4 ~ ASN+5	GS	GBS	甲	갑				사흐러이스탄 부족연맹, 자텐다 황금전단	신듀킷	5231년 6월 2일	가베 연방											매화나무	268,985	소주	20소주	시	310시					개혁당	개혁당	#0E0657	white	자본주의		90(±15)	5000								크룸	우측			625								Tainatio die Soia																			
쿠루쿠	Fotu	Fotu	포투			Tén lo elveun.	틀을 벗어나다.		#fd9f28		white	#FFFFFF		black																			셰스카테어, 라루단어,  셰스단어	라틴 문자, 키릴문자																																																																																							
Rainykaya	Artenyne Rakóšinóybán, (AR Neyeim)		황혼 동맹	AR 그룹.jpg	AR 그룹 휘장.png	Le Megenóš Króypečen	어스름을 밝히리	머나먼 수평선을 향하여	#0a0a0a	AR 블랙	white	#f9ce23	AR 골드	white	자텐다 해방연맹	황혼 동맹	AR 그룹	황혼 무역협정	5263년 7월 19일	{{자텐다 황금전단 지도|폭=330}}	가베 서북부와 사흐러이스탄 서부의 7개 국가, 지도 서쪽의 제도	에르뎀		에르뎀	북메디아 문화권	파랑 문화, 카둔 문화	국가	8개 기업	33,324,916	5270	자텐다인, 자수르만인, 스트러세이, 솔니, 상 프레니처 솔니, 모르냐크, 로지냔, 세이안인, 동라루단인, 잔류 가베인, 갑인		자텐다어	파랑 문자	파랑전승	파랑전승, 어스몬 신앙, 데모닉 제스쳐, 환혹의 가르침, 자정의 발걸음, 이흐자크교	파랑전승	기업국가, 상업중심주의, 국가연합, 사데나 군주국	사데나	AR 레나	Ȑ	파랑력	ASN+1, ASN-2	AR	ARK	黃	황				사흐러이스탄 부족연맹	베센어, 프레니처어, 자수르만어, 스트러세이어, 솔니어, 상 프레니처 솔니어, 모르냐크어, 로지냔어, 세이안어, 동라루단어, 가베어															권역	14개 권역지사	주	63개 주, 14개 독립시																																																			
Rainykaya	Artenyne Rakóšinóybán 'Vessen, (AR Vessen)		AR 베센	AR 베센.jpg	AR 베센 국장.png	Láraltra Nizyi Látemizem	빛나는 태양과 위대한 물결	순결하고 빛나는 너, 베센이여.	#0e1d35	AR 베센 블루	white	white	AR 화이트	black	자텐다 해방연맹	황혼 동맹	AR 그룹	AR 베센	5263년 7월 19일	{{자텐다 황금전단 지도|폭=330}}	가베와 사흐러이스탄에 접경하는 푸른색 국가	아시페일러이신		페일레이아	북메디아 문화권	파랑 문화	권역	2개 권역지사	3,437,812	5270	자텐다인 80.15%, 소노르인 9.62%, 자수르만인 4.79%, 잔류 가베인 1.51%		자텐다어, 자수르만어	파랑 문자, 아랍 문자	파랑전승	어스몬 신앙 63%, 파랑전승 35%	어스몬 신앙	기업국가, 상업중심주의, 종교기업체계	최고경영사제	AR 레나	Ȑ	파랑력	ASN+1	AR	ARVS						사흐러이스탄 부족연맹, AR 나지에셔트	베센어, 소노르어															주	6개 주, 1개 독립시																																																					
Rainykaya	Artenyne Rakóšinóybán 'Nazyiešyótt, (AR Nazyiešyótt)		AR 나지에셔트	AR 나지에셔트.jpg	AR 나지에셔트 국장.png	Ver Zena Sákárnyá	숨길 수 없는 진실	산맥과 바다와 가도	#b32134	AR 나지에셔트 레드	white	white	AR 화이트	black	자텐다 해방연맹	황혼 동맹	AR 그룹	AR 나지에셔트	5263년 7월 19일	{{자텐다 황금전단 지도|폭=330}}	만을 포함하는 붉은 색 국가	레터		레터	북메디아 문화권	파랑 문화	권역	2개 권역지사	3,125,603	5270	자텐다인 47.94%, 스트러세이 42.13%, 솔니 5.12%, 잔류 가베인 2.06%		자텐다어	파랑 문자	파랑전승	파랑전승 58%, 데모닉 제스쳐 33%, 어스몬 신앙 6%, 이흐자크교 1%	파랑전승	기업국가, 상업중심주의, 마법 클랜 카르텔	경영학파장	AR 레나	Ȑ	파랑력	ASN+1	AR	ARNZ						AR 베센, AR 에르뎀, AR 세르네데	베센어, 스트러세이어, 솔니어															주	10개 주, 2개 독립시																																																					
Rainykaya	Artenyne Rakóšinóybán 'Erdem, (AR Erdem)		AR 에르뎀	AR 에르뎀.jpg	AR 에르뎀 국장.png	Venatta Arsella	밤을 수놓아라	영원한 빛의 도시	#080808	AR 블랙	white	#dba622	AR 에르뎀 골드	black	자텐다 해방연맹	황혼 동맹	AR 그룹	AR 에르뎀	5263년 7월 19일	{{자텐다 황금전단 지도|폭=330}}	AR 그룹 중앙의 황금색 국가	에르뎀		에르뎀	북메디아 문화권	파랑 문화	권역	2개 권역지사	9,507,367	5270	자텐다인 75.16%, 솔니 21.80%, 세이안인 1.22%, 잔류 가베인 0.53%		자텐다어	파랑 문자	파랑전승	파랑전승 93%, 데모닉 제스쳐 1%	파랑전승	기업국가, 상업중심주의, 거대복합기업 연합	CCO	AR 레나	Ȑ	파랑력	ASN+1	AR	ARER						AR 나지에셔트, AR 오닉서커트, AR 세르네데	솔니어															주	8개 주, 1개 독립시																																																					
Rainykaya	Artenyne Rakóšinóybán 'Oniksókátt, (AR Oniksókátt)		AR 오닉서커트	AR 오닉서커트.jpg	AR 오닉서커트 국장.png	Fa Senó Aeledene	오로라의 저편으로	새로운 어제를 넘어	#2d313a	AR 그레이	white	#a9833c	AR 오닉서커트 골드	black	자텐다 해방연맹	황혼 동맹	AR 그룹	AR 오닉서커트	5263년 7월 19일	{{자텐다 황금전단 지도|폭=330}}	AR 그룹 중앙의 주황색 국가	오닉서커트		오닉서커트	북메디아 문화권	파랑 문화	권역	2개 권역지사	6,754,872	5270	자텐다인 71.87%, 솔니 21.16%, 세이안인 3.98%, 잔류 가베인 1.52%		자텐다어	파랑 문자	파랑전승	파랑전승 94%, 데모닉 제스쳐 1%	파랑전승	기업국가, 상업중심주의, 기술복합기업 연합	CTO	AR 레나	Ȑ	파랑력	ASN+1	AR	AROS						AR 에르뎀, AR 세요짐, AR 세르네데	솔니어															주	7개 주, 2개 독립시																																																					
Rainykaya	Artenyne Rakóšinóybán 'Seyozim, (AR Seyozim)		AR 세요짐	AR 세요짐.jpg	AR 세요짐 국장.png	Ráyodnegezim	유려하고 아름답게	피어오르는 새벽빛	#365545	AR 세요짐 그린그레이	white	white	AR 화이트	black	자텐다 해방연맹	황혼 동맹	AR 그룹	AR 세요짐	5263년 7월 19일	{{자텐다 황금전단 지도|폭=330}}	AR 그룹 서부의 초록색 국가 및 지도 서쪽의 섬들	니닌		니커시체하르자	북메디아 문화권	파랑 문화	권역	2개 권역지사	3,392,810	5270	자텐다인 73.96%, 세이안인 21.34%, 동라루단인 3.61%, 상 프레니처 솔니 0.04%		자텐다어	파랑 문자	파랑전승	파랑전승 88%, 삼십이처교 6%, 세할리코트 전통종교 3%	파랑전승	기업국가, 상업중심주의, 서비스복합체	총괄 디렉터	AR 레나	Ȑ	파랑력	ASN+1, ASN-2	AR	ARSY						AR 프레니처, AR 오닉서커트, AR 세르네데	세이안어, 동라루단어															주	10개 주, 1개 독립시																																																					
Rainykaya	Artenyne Rakóšinóybán 'Prenicá, (AR Prenicá)		AR 프레니처	AR 프레니처.jpg	AR 프레니처 국장.png	Sáláypeč Káš Tenyá Nyrá	산맥 위로 펼쳐진 영광	북방개척민의 노래	#396a85	AR 프레니처 엘더블루	white	white	카둔 화이트	black	자텐다 해방연맹	황혼 동맹	AR 그룹	AR 프레니처	5263년 7월 19일	{{자텐다 황금전단 지도|폭=330}}	대륙 서부의 하늘색 국가	러요치		로지냐드, 서녀슈트러코네바시	북메디아 문화권	파랑 문화, 카둔 문화	권역	4개 권역지사	4,153,332	5270	로지냔 44.79%, 상 프레니처 솔니 26.18%, 자텐다인 22.47%, 모르냐크 6.41%		자텐다어	파랑 문자	파랑전승	자정의 발걸음 44%, 파랑전승 35%, 환혹의 가르침 20%	자정의 발걸음	기업국가, 상업중심주의, 개척사업부	개척 매니저	AR 레나	Ȑ	파랑력	ASN+1	AR	ARPR						AR 세요짐, AR 세르네데	프레니처어, 상 프레니처 솔니어, 로지냔어, 모르냐크어, 솔니어															주	10개 주, 4개 독립시																																																					
Rainykaya	Eſanivaseilaſy era Sernede, (Artenyne Rakóšinóybán 'Sernede), (AR Sernede)		AR 세르네데	AR 세르네데.jpg	AR 세르네데 국장.png	Perſhaltnevya	미려의 미학	한 밤의 시계	#191919	카둔 블랙	white	#dbbfeb	카둔 핑크	black	자텐다 해방연맹	황혼 동맹	AR 그룹	AR 세르네데	5263년 7월 19일	{{자텐다 황금전단 지도|폭=330}}	타 AR 그룹 국가와 접하고, 내륙에 있는 검은색 국가	세르네데		세이에닐	북메디아 문화권	카둔 문화, 파랑 문화	권역	5개 권역지사	2,953,120	5270	스트러세이 56.76%, 솔니 33.94%, 자텐다인 4.70%, 모르냐크 3.05%		자텐다어, 솔니어	파랑 문자, 카둔 문자	파랑전승	데모닉 제스쳐 71%, 환혹의 가르침 21%, 파랑전승 7%	데모닉 제스쳐	기업국가, 상업중심주의, 기업제국	환혹의 여제	AR 레나	Ȑ	파랑력	ASN+1	AR	ARSR						AR 프레니처, AR 세요짐, AR 오닉서커트, AR 에르뎀, AR 나지에셔트	스트러세이어, 모르냐크어															주	13개 주, 3개 독립시																																																					
Rainykaya	Artenyne Rakóšinóybán 'Seyozim Ferzyátt Ezbal Revne, (ARSF Ezbal Revne)		AR 일몰 제도 지사	AR 일몰제도.jpg	AR 세요짐 일몰제도 지사 국장.png	Aka Sónyótt v Revnezem	일몰파도의 마지막까지	일몰을 향하여	#f9ce23	AR 선셋 골드	black	#1e3f66	AR 선셋 블루	white	자텐다 해방연맹	황혼 동맹-AR 세요짐	AR 그룹	AR 프레니처	5263년 7월 19일	{{자텐다 황금전단 지도|폭=330}}	지도 서쪽의 제도	에프시어제		에프시어제	북메디아 문화권	파랑 문화	권역	1개 권역지사	566,796	5270	자텐다인 68.17%, 동라루단인 23.95%, 세이안인 3.44%		자텐다어, 동라루단어	파랑 문자	파랑전승	파랑전승65%, 세할리코트 전통종교 17%	파랑전승	기업국가, 상업중심주의, 서비스복합체	제도 운영 총독	AR 레나	Ȑ	파랑력	ASN-2	AR	ARERV																						주	4개 주																																																					
다이아	Adesperitan Nuit Tesasites		테사시테스 자치령	테사시테스 자치령.png					#26c1db	에스라스타 블루	white	#fff300	에스라스타 옐로	black		에스라스타 자치령국	4656년 6월 11일	테사시테스 자치령	5142년 6월 8일						레니스카 문화권	테사시스카 문화							에스라스타어							페사	PE	자소크력, 에스라스타 연호		ES	ESTE	涯泰	애태																																																																										
Rainykaya	Esnyátt Fózekráydem 'Zatenda	Tavaxtelo die Zatenda	자텐다 해방연맹	자텐다 해방연맹.jpg	자텐다 국장.png	Venázyó Altra Le Čentrá!	마지막 태양이 비추리라	광륜의 노래	#feeebe	자텐다 화이트골드	black	black	자텐다 블랙	white	쇠예흐 대제국, 자텐다 황금전단, 상 프레니처, 연해 솔니 혈족, 에세르데소니, 신앙의 결행자, 중부 아이르테피 혈족, 로지냐드 요새	자텐다 황금전단	3285년 4월 22일	자텐다 해방연맹	5192년 2월 17일	{{자텐다 황금전단 지도|폭=330}}	북메디아 해안 근처의 노란색 국가 및, 북탄디아 중앙의 제도	로지냐드→에르뎀	31° 12’ 56.2” U, 32° 44’ 17.5” N	에르뎀	북메디아 문화권	파랑 문화					자텐다인, 스트러세이, 솔니, 로지냔, 상 프레니처 솔니, 소노르인, 자수르만인, 세이안인, 모르냐크		자텐다어		파랑전승		파랑전승					파랑력	ASN+1, ASN-2	FZ	FZT						사흐러이스탄 부족연맹, 쇠예흐 대제국		5263년 7월 19일	AR 그룹, - AR 베센, - AR 나지에셔트, - AR 에르뎀, - AR 오닉서커트, - AR 세요짐, - AR 프레니처, - AR 세르네데																																																																			
쿠루쿠	Hapolynarinatio die Pull		풀르 자치국	풀르 국기.png	풀르 국장.png	Tagòm, ad vagòm.	생각하라, 그리고 가져라.	세행진가	#FDDE59	SHTELO SCH VANILLA	black	#3A4CA8	SHTELO SCH BLUE	white		자소크 철학단	5039년 1월 12일					레쳇알로스		레쳇알로스카테					3,217,916	5116	자소크계 52%, 플리오센계 21%, 풀르계 11%, 유제이체계 10%, 모하지계 4%, 루시코와계 1%, 노베몰마디아계 1%		초기 셰스카테어, 풀르어, 파인어, 자소크어, 로포나어, 파셀어,  풀르 자소크어	라틴 문자, 재민, 신성문자, 루시메즈, 키릴문자	운론	운론 65%, 쿠므사테 15%, 흐줌사테 10%, 무교 10%		입헌군주제	황제	자소크 테로	Ŧ	자소크력	ASN+19	HP	HDP	波	파				유제이체 공화국, 루시코와, 플리오센 공화국		5108년 3월 27일	셰스카테 임시정부							-													자소크 철학단/군사																	우측통행																														
쿠루쿠	Daestenfolomaskné Scheskatté	Folømalusosanatiaçentem die Exeskate	셰스카테 임시정부	셰스카테 임시정부 국기.png	셰스카테-임시정부-국장.png	Küse Meras'ó banevun	신은 우리를 돕는다	바다와 하늘을 넘어	#3A4CA8	Inmogen pradon	white	#FFFFFF	Siet	black	풀르 자치국	건국	5108년 6월 30일					키에츠로이베		키에츠로이베									셰스카테어, 파인어, 자소크어	라틴 문자, 재민		무종교 75%, 운론 14%, 쿠므사테 13%		자유민주주의, 공화제, 대통령제, 다당제	대통령	셰스카테 아비실, 자소크 테로	Å, Ŧ	자소크력	ASN+19	DS	DNS	海	해				유제이체 공화국, 루시코와, 플리오센 공화국	풀르어	5111년 2월 6일	셰스카테							-			참매										셰스카테 국군																	우측통행																														
기타국가	謝平名島		쟈헤나 섬	쟈헤나.jpg					#012c35	쟈헤나 우미	white	white	세이안 시로	black				쟈헤나 문명	4190년 2월 16일	세이안_지도.png	중앙의 어두운 바다색 섬들이 쟈헤나 섬이다. 세이안 왕국의 속령이다.	키진스이		키진스이	야마타이 문화권	세이안 문화					쟈헤나인 71%, 소노르인 23%, 세이안인 4%, 기타 2%		쟈헤나어, 세이안어, 소노르어	신성문자	어스몬 신앙	어스몬 신앙 95%, 삼십이처교 3%		군주제	대왕				ASN+3	SA	SAJH			세이안 왕국	5193년 7월 12일												쇼토쿠 오오키미											자텐다 황금전단 전지역																																																	
쿠루쿠	Reçetfarum	Retszetfarum	레쳇파룸			Esum Car go mi bala	그의 말씀에 따라.		#18A8F1		black	#000000		white																			셰스카테어, 풀르어, 라졔르베라어	라틴 문자																																																																																							
	Tainatio d'Evitagen-Milia		에비타겐-밀리아 왕국	에비타겐.jpg				높은 별의 나라	#131522	에비타겐 코발트	white	#f4fdad	밀리아 스타골드	black	시메타시스	우훗 제도	2948년 5월 13일	시메타시스	4156년 4월 11일	시메타시스 후신국.png	지도 서북쪽의 국가	이틱-에소이르		이틱-에소이르	탄티샤 문화권	시메타시스 문화			27,161,301	5220			시메타시스어	재민	운론	운론 16%		전제군주정	왕	왕령 엘리트		자소크력	ASN+15	EM	TEM			프로테샤 왕국	5219년 3월 6일		양 사시나 철학단, 북 자소크 평의회, 아브렌시아, 극해 과학자와 군인과 인민 연합 코뮌				에비타겐-밀리아 왕국	5224년 5월 2일																북 하키엘러시아 포터스공학 연맹, 양 사시나 철학단, 북 자소크 평의회, 아브렌시아, 모닉쇼 공화국, 극해 과학자와 군인과 인민 연합 코뮌, 자소크 철학단 탄티샤 영역																			우측통행																														
	Eraxeniluins dé Liésasina	Erazeniluinch de Riesasina, Riuexe Seldep	양 사시나 철학단	양 사시나.jpg				두 호수를 위하여	white	사시나 화이트	black	#2d5d83	사시나 레이크블루	white	시메타시스	시메타시스	4156년 4월 11일	양 사시나 철학단	5218년 7월 16일	시메타시스 후신국.png	지도 서쪽의 하얀 국기를 가진 국가	도스카예		도스카예	탄티샤 문화권	시메타시스 문화, 자소크 문화			32,563,720	5220			자소크어, 시메타시스어	재민	운론	운론 55%		철인정치, 의원내각제, 공화제	제일 철사	사시나 테로		자소크력	ASN+15	EL	ELS						자소크 철학단, 에비타겐-밀리아 왕국, 북 하키엘러시아 포터스공학 연맹, 북 자소크 평의회																					에비타겐-밀리아 왕국, 북 하키엘러시아 포터스공학 연맹, 북 자소크 평의회, 아브렌시아, 모닉쇼 공화국, 극해 과학자와 군인과 인민 연합 코뮌																			우측통행																														
	Potyskrifikastelo di'Uatahakielysia	Potuskrifikastelo de Bathakielusia	북 하키엘러시아 포터스공학 연맹	북 하키엘러시아.jpg				하키엘러시아 행진가	#FDDE59	하키엘러시아 옐로우	black	#3ece8d	시메타시스 그린	black	시메타시스	시메타시스	4156년 4월 11일	북 하키엘러시아 포터스공학 연맹	5218년 7월 3일	시메타시스 후신국.png	지도 서쪽의 작은 국가	파트라세타		파트라세타	탄티샤 문화권	자소크 문화			23,164,829	5220			자소크어, 시메타시스어	재민	운론	운론 96%		포터스 클랜 연맹	클랜 대리인	하키엘러시아 엘리트		자소크력	ASN+15	UH	PUH						자소크 철학단, 양 사시나 철학단																					에비타겐-밀리아 왕국, 양 사시나 철학단, 북 자소크 평의회, 아브렌시아, 모닉쇼 공화국, 극해 과학자와 군인과 인민 연합 코뮌, 자소크 철학단 탄티샤 영역																			우측통행																														
	Sobie d'Batzasoc	Sovie di'Uatazasoque	북 자소크 평의회	북 자소크.jpg				북쪽의 산림은 위대하다	#2c2c2c	북 자소크 그레이	white	#3ece8d	시메타시스 그린	black	시메타시스	시메타시스	4156년 4월 11일	북 자소크 평의회	5221년 4월 2일	시메타시스 후신국.png	지도 중앙의 거대한 국가	치흐		라크렐데사	탄티샤 문화권	시메타시스 문화, 자소크 문화			51,152,334	5220			시메타시스어, 자소크어	재민	운론	운론 99%		군국주의, 군정청, 군사 평의회, 신정국	평의회장	북 자소크 엘리트		자소크력	ASN+15~ASN+16	BZ	SBZ						자소크 철학단, 에비타겐-밀리아 왕국, 양 사시나 철학단, 아브렌시아, 모닉쇼 공화국																					에비타겐-밀리아 왕국, 북 하키엘러시아 포터스공학 연맹, 양 사시나 철학단, 아브렌시아, 극해 과학자와 군인과 인민 연합 코뮌, 자소크 철학단 탄티샤 영역																			우측통행																														
	Karohapolunarichtelo de Maeftadit Narisikainis oe Fiuninis oe Corsinis		극해 과학자와 군인과 인민 연합 코뮌	극해 과학자와 군인과 인민 연합 코뮌.jpg		Quorsinis, Darafuagiz, Tavas	인민, 혁명, 해방	하얀 해방가	white	극해 화이트	black	black	극해 블랙	white	시메타시스	UMG	4156년 4월 11일	시메타시스 극해	5105년 5월 5일	시메타시스 후신국.png	지도 북쪽의 해골국기를 가진 국가	제로		제로	탄티샤 문화권	시메타시스 문화			2,665,430	5220			시메타시스어	재민	국가 무신론	운론 2%		군국주의, 군정청, 군사 평의회	평의회장	코뮌 코르사		자소크력	ASN+15~ASN+16	KH	KHM			극해 과학자와 군인과 인민 연합 코뮌	5218년 4월 15일		에비타겐-밀리아 왕국, 아브렌시아																					에비타겐-밀리아 왕국, 북 하키엘러시아 포터스공학 연맹, 양 사시나 철학단, 북 자소크 평의회, 아브렌시아, 모닉쇼 공화국, 자소크 철학단, 모하지 공화국, 무르무르섬, 노베몰마디아, 셰스카테																			우측통행																														
	Avrěnsija	Abrrensia	아브렌시아	아브렌시아.jpg				그대의 영원한 화원에서	#77abb5	아브렌시아 스노우스카이	black	#2d264d	아브렌시아 로얄바이올렛	white	시메타시스	아브렌시아	5219년 1월 12일			시메타시스 후신국.png	지도 북쪽의 꽃 모양 국기를 가진 국가	에슈니르		에슈니르	탄티샤 문화권	아브렌시아 문화			25,212,719	5220			아브렌시아어, 시메타시스어	재민	운론	운론 21%		비밀의회	첫번째 목소리	아브렌시아 리스테		자소크력	ASN+16	AV	AVR						에비타겐-밀리아 왕국, 북 자소크 평의회, 모닉쇼 공화국, 극해 과학자와 군인과 인민 연합 코뮌																					모닉쇼 공화국 북부 해안지역																			우측통행																														
	Dzajqórdzjántiÿ ía Mánjkşÿ	Taiquorsinatio die Monikxö	모닉쇼 공화국	모닉쇼.jpg				태양이여, 모닉쇼를 환히 비추라!	#a67c00	모닉쇼 썬라이즈	black	#2e4b36	모닉쇼 포레스트	white	시메타시스	4156년 4월 11일	시메타시스	모닉쇼 공화국	5219년 2월 15일	시메타시스 후신국.png	지도 동쪽의 해양을 접하는 국가	제로		제로	탄티샤 문화권	모닉쇼 문화			991,463	5220			모닉쇼어, 자소크어	재민	기술 신앙	기술 신앙 35%		공화정, 광산 노동자 연합의회	제 1 의원	모닉쇼 고이		자소크력	ASN+16	MN	DMN						자소크 철학단, 북 자소크 평의회, 아브렌시아																					세니시																			우측통행																														
쿠루쿠	PSO	J'Omona die Exeskate	셰스카테령 오모나섬	셰스카테령 오모나섬.png	셰스카테령 오모나섬 국장-투명배경.png	Meu īmkmiivona	새로운 발견	Kāmona, mxuunfe!	#1187CF	Pradonlainaim	white	#FFB900	Syçe	white		주권	셰스카테	건국	5248년 2월 11일														오모나 셰스카테어, 오모나어	라틴 문자				자치령, 자유민주주의	지사	셰스카테 아비실, 오모나섬 아비실	Å	자소크력		PO	PSO	晤	오				레프레누제 연합, 라졔르베라										-											북오모나섬 공화국		오모나군									셰스카테 국군								우측통행																														
진라면순한맛	tawtsawnd	vat'tawt tinusawnd	터트족	TawtFlag.svg		haktlawaix jand tinusawndea shent	디누산의 몸을 이어라		#008727	터트우그	white	#B68AFF	티누성우그	white								만모아									디누산 100%		하어	상형문자	토속 신앙			군주제	엘차트			자소크력	ASN+13			巖	암				아양산단	프소븜어									암 터체크																		물물교환																																										
쿠루쿠, 세디유	Reçetevekainlos Tofsofutervera, Kattépoloneisenné Reçetevequeinlos	Hapolynarinatio die Reçetevekainlos	레체테베카인로스 자치국	레체테베카인로스 자치국 국기.png	레체테베카인로스 자치국 국장.png				#FD9F28	Syçe	white	#FFFFFF	Sit	black	셰스카테 레체베테카인로스 주 일부	라졔르베라	침략	건국	5266년 2월 12일														라졔르베라어, 셰스카테어	라틴 문자				괴뢰국			셰스카테 아비실, 라졔르베라 아쥬비실	자소크력		RE	RTE	大沙自	대사자				셰스카테, 라졔르베라, 파룸카테		5287년																			셰스카테																																																	
쿠루쿠, 세디유	Farumkate, Farumkatté	Farumkate	파룸카테	파룸카테 국기.png	파룸카테 국장.png				#004080	Kafce pradon	White	#FFFFFF	Sit	Blue	셰스카테 레쳇파룸 주 일부	라졔르베라	침략	건국	5266년 2월 21일			아려드후누											라졔르베라어, 셰스카테어	라틴 문자				괴뢰국, 공화제	대통령					FE	FRE	月	월				셰스카테, 레체테베카인로스 자치국, 라졔르베라		5284년	파룸카테 국민해방위원회																		셰스카테																																																	
초멜	Sefludari		세플루다리 직접민주주의 연방	칼라만다리 연방 국기.png	칼라만다리_연방_국장.svg	Bekratus Sefludari	위대한 바다		#00ffee	세플루 시안	black	black	검정	white		세플루다리	5172년 1월 1일					메시나섬	라그마 튈툰팔레마해	메시나섬	라게트니 문화권	라게트니 문화			최소 1000		라게트니 40% 아클룬 1% 시에스 49% 네이토르 15% 보피웨이 5%		라게트니어	복소문자, 아알누 문자		복소교 50.99%, 십사처교 49.99%,,	복소교	직접민주제, 탈중심제	연방 상원 의회장	Dier	#	한카력	ASN+12	SF	SFD																아네테네스 아멜											칼라만다리 연방 전역		마그티르					사회주의 경제 체제	yyyy년 mm월 dd일	117	한카력 13100								칼라 단위계	우측통행																														
FM0905	Anaxismosca Komunsa Bontsa	Anaxismosca Bontsa	아나키스트 코뮌 연방	아나키스트 코뮌 연방기.svg		Xadaq minisk mi’ řaitsadim rantoika quz žûmit!	인민의 자유를 막는 모든 이들에게 죽음을!	바리케이드를 향해	#000000	아나키스트 블랙	red	#FF0000	아나키스트 레드	black	팔라디 민주 공화국							엘마스카드		엘마스카드, 론다함	남메디아 문화권						린드인 60%, 루멜리인 30%, 케반인 10%		린드어			나시아교 60%		아나키즘				자소크력		AN	ANC	安聯	안련					루멜리어, 케반어																						인민해방군					아나코-코뮤니즘																																										
	Naganar Yogaja Comyin		나가나르 아나키스트 코뮌	나가나르.png					black	나가나르 블랙	white	#00ffee	칼라만다리 시안	white	칸다리 천문국,쉬툰 공화국,아라그 공화국							안다림		안다림	라게트니 문화권	라게트니 문화												직접 민주제, 탈중심제		N-Dier	N#	한카력	ASN+12	NA	NAA						칼라만다리 연방																						뱀							yyyy/mm/dd																																									
Rainykaya · 김현제	Takhack Eshopheoynijul, Dzanutseomch Yeodzevojal	e'Eldrasilenav re'Tillurem ks'Taha	갑인 철혈 중갑함대	철혈함대기.png	철혈함대표지.png	Davaz buyotakhakh hedabirt, Nunuz khyorutakhakh colvirt.	앞서간 자에게 충성을, 따르는 자에게 영광을.	명을 바치리	#1d1d1d	스타하 블랙	white	#dd4444	스타하 코랄	black	주북메디아 신산업지구	이렘나 철랑대	5278년 8월 2일	갑인 철혈 중갑함대	5278년 8월 2일	{{미르부슈의 둥지 지도|폭=330}}	미르부슈의 둥지의 해안을 차지하는 국가.			스타하 해군기지	갑인 문화권	스타하 문화			2,474,302	5290	갑인, 이렘나인, 미르부슈인		헤이어, 이렘나어	투꺙 문자, 바샨니 문자, 파랑 문자		멤블로디 55.4%,, 파랑전승 41.7%	멤블로디	군사정권, 군법의회제,, 군법제일주의, 거함거포주의	제독	이렘나 트리키라	Ɨ	파랑력, 회유력	ASN+4	RN	RNET	철혈함대	鉄血艦隊				이렘나 철랑대, 미르부슈의 둥지										뽀르도꿉 하이손											메티샤의 자유와 미래		이렘나군												행정참모	-	법무참모	-														감찰참모																	-	
기타 국가	Angdun Vendutsedzinur	Novnatiaçentem di'Ãdun	앙둔 망명정부	앙둔제국국기.svg	앙둔국장.png	Shiredzanum Angdunyuphaba	무한강대한 앙둔의 권능	아홉 영웅 찬가	#141e32	앙둔아청색	white	#ff6666	앙둔산호색	white	앙둔 제국	앙둔 제국	1999년 3월 19일	앙둔 망명정부	5278년 7월 3일						갑인 문화권	앙둔 문화							헤이어	투꺙 문자	멤블로디	멤블로디 100%	멤블로디	비주권군주제, 망명정부	켸피투	자소크 테로	Ŧ	자소크력		AG	AGD	央	앙														비나슈 앙둔											메티샤의 자유와 미래	해룡						자본주의적 시장경제		약 350	5280									우측통행																														
쿠루쿠, 세디유	Q. Omona Hoö H.Ç.H., Omona jugram Q.B.K., U.T.O.	Taiquorsinatio die Uataxomona	북오모나섬 공화국	북오모나섬 공화국 국기.png	북오모나섬 공화국 문장.png				#0B4B87	Kafce pradon	White	#FD9F28	Syçe	White	셰스카테령 오모나섬의 북쪽 지역	침략	5279년	건국	5279년			카모나툴로											라졔르베라어, 오모나 셰스카테어, 오모나 라졔르베라어	라틴문자				괴뢰국	대통령						QOH<small>	北晤	북오						5284년	셰스카테령 오모나섬																		셰스카테령 오모나섬		북오모나군									라졔르베라 국군																																						
Rainykaya · 김현제	Zupscenolip Sezuenurk Sebijana	Artenyne Rakóšinóybán 'Hevnyátt, AR Hevnyátt	AR 헤브녀트	AR 헤브녀트.jpg	AR 헤브녀트 국장.png	명예, 풍요, 신의	Szanm, Uko, Chalsezon	우리는 오늘도 나사를 조인다	#f08080	AR 헤브녀트 코랄	black	white	AR 화이트	black	앙둔 제국	AR 그룹		AR 가맹 비준	5278년 8월 21일						갑인 문화권	헤브녀트 문화				5290	갑인		헤브녀트어	투꺙 문자		멤블로디	멤블로디	기업국가, 상업중심주의	해사안전총책	AR 레나	Ȑ	파랑력, 회유력		AR	ARHV																-											메티샤의 자유와 미래																																																	
김현제	Sasjatulua Equrop	Tainatio di'Saxatulua	스샤툴루아	스샤툴루아국기.png			희락은 우리의 것		#009999	스샤툴루아 그린	white	#825826	스샤툴루아 브라운	white	뀨나, 뗑봘루	뀨나	?	뗑봘루	?			첨바론		첨바론	갑인 문화권	뀨나 문화	주현급	3대현 3주 24현			갑인 100%		스샤툴루아어	투꺙 문자	떼바	떼바 95.1%, 멤블로디 1.2%,, 기타 3.7%	떼바	선거군주제, 제정일치	심제	스샤툴루아 러뭉	SSŁ	회유력	ASN+10	SS	SST	所	소	스샤툴루아	?		헤스할디레, 울타펭차르	럼티어, 칭보흐어	1997년 7월 22일	앙둔 제국													항호급	243항 2187호						스샤툴루아군						yyyy년 mm월 dd일	약 30	?								갑인표준	미규정																														
FM0905	1.-7.3i.6.-7.6.3i.4.-6.3i.2.-6.3.3i.6.2i	Karlamandari Yogaja Comyin Ajtyn	칼라만다리 아나키스트 코뮌 연방	나가나르.png	칼라만다리_연방_국장.svg	Bekratus Karlamandari	위대한 푸른 달	Bekratus Karlamandari	#00ffee	칼라만다리 시안	black	black	칼라만다리 블랙	white	칼라만다리 연방,나가나르 아나키스트 코뮌,세플루다리 직접민주주의 공화국	칼라만다리	4679년 2월 6일			파일:Tasdia de damegasique.png	다메가시크의 전도	니어멜렉산 mt.nirmellek	다메가시크 북극점	니어멜렉산	라게트니 문화권	라게트니 문화	연방관구		최소 14800000	한카력 13100	라게트니 41% 아클룬 1% 시에스 48% 네이토르 15% 보피웨이 5%	1.92696841777	라게트니어	복소문자, 아알누 문자		복소교 53.67%, 십사처교 24.15%,, 시띵교 19.96%, 보편 정교 9.53%,, 운론 0.13%, 무교 0.1%	복소교	아나키즘		폐지	#	한카력	ASN+12	KR	KRM	曷	갈				피페레 제국, 파룸	라게트니어(칼라만다리 연방 전역), 여와어(칸다리 천문국)													월면산호	7,680,458	공화국		시		한카력 13100	쉬툰 공화국 일부	식월사	세크라투스 마그티르					아나코-코뮤니즘	yyyy년 mm월 dd일	617	한카력 13100	세크라투스 마그티르							칼라 단위계	우측통행																														
쿠루쿠, 세디유	FTF	Farumkate Natîtavaxtelo	파룸카테 국민해방위원회	파룸카테 국민해방위원회.png		Mera né gayni arenenfoloe, Mera né sirok arenenfoloe,	오랜 나의 고향이여, 오랜 나의 동지여	Vansi lo növ tempimerzé	#3A4CA8	Inmogen pradon	White	#FFFFFF	Siet	Black	파룸카테	설립	5284년																셰스카테어, 라졔르베라어	라틴문자				임시정부														라졔르베라 셰스카테어		셰스카테 레쳇파룸 주 일부																				파룸카테 해방군, 레체테베카인로스 해방군																																															5286년
기타 국가	Gischesous Metisha(럼), Crzveurf Pedragh(칭)	Umxa ad Disa dé Metixa	메티샤의 자유와 미래	갑인해방기.png		Geca Shfas Muad!(럼), Queh Froix Pointh!(칭)	족쇄는 없다!	위대한 몽상가들	#000000	아나키스트 블랙	red	#FF0000	아나키스트 레드	black	앙둔 제국	메티샤의 자유와 미래	5279년 2월 13일			{{앙둔 지도}}	메티샤 대양 중앙의 진한 파랑색 부분.			푸스타캬	갑인 문화권	메티샤 문화			39,213,471	5290	갑인 97.6%		럼티어, 칭보흐어	투꺙 문자				아나키즘				자소크력	ASN+10 ~ ASN+11	MX	MTX	美自來	미자래				크리상테스 왕국	헤이어														1,375,621㎢								메티샤군					아나코-코뮤니즘	yyyy년 mm월 dd일	230	5280																																							
Mayo	Diviana Vadova y Alevedeka	Quorsinisétaiquorsinatio di'Alevedeka	알레베데카 보편공화국	알레베데카 보편공화국 국기.png		Rumylian, Liian, Vudian	사회주의, 노동자 통치, 우리들의 국가	착취의 끝	#CC0000	Crimson Dawn	yellow	#FBDD73	Star-lit Yellow	black	바데우트 제공국	알레베데카 보편공화국	5185년 1월 8일	국부천대	5288년 5월 8일			비카 (명목상) 신 비카 (실질)				바데우트 문화			37,002,685	5288	갑인 81%, 알레베데카인 19%		바데우트어					평의회 민주주의, 민주집중제, 프롤레타리아 독재, 일당독재	최고회의 상무회 의장	하마르 리야프	HL	자소크력		AL	DVA	參	삼														루밀리안-비카														알레데베카 사회민주노동자당	알레데베카 사회민주노동자당	#CC0000	#FBDD73	생산수단 국유화, 사회주의 계획경제, 자동화 사회		102	5285				총리	아이르-아만	최고법원 의장	아드리프-아이람																																
Rainykaya	ez'Fetalit Nerada	es'Kazyatrn Nerada, Etlasvrit Nireyd, ネラダーコウミンキョウワコク	네라다 공민공화국	네라다 공민공화국.jpeg	네라다 공민공화국 국장.png	カイホウサレタ！	해방되었다!		#d7d7d7	네라다 닐랴	black	#ab0000	네라다 렘	white	이렘나 철랑대 네라다	네라다 공민공화국	야마토 산하	네라다 공민공화국	5287년 1월 6일	{{네라다 지도|폭=330}}	야마토 사회주의 공화국 연방과의 접하는 회색의 소국	세니디카	47° 12’ 50.5” U, 88° 26’ 90.2” N	세니디카, 알테	북메디아 문화권	파랑 문화	도시	7개 시	723,359	5290			네라다 이렘나어, 이렘나어, 네라다어, 야마토어	파랑 문자, 야마토 문자	파랑전승	파랑전승 91%, · 레센파 52%, · 이키림 파 24%, · 시에다니 파 15%,	파랑전승-레센파	인민공화제(민주집중제)		야마토 엔	¥	파랑력, 연방기원	ASN+4	YM	YMNE						이렘나 무정부지대, 야마토 사회주의 공화국 연방			네라다 공민공화국																																							네라다 공민공화국/외교																												
Mayo	Diviana Ledav y Alevedeka	Natîtataiquorsinatio di’Alevedeka	알레베데카 민주공화국	Export202307251552443673.png		Led - Veye!	민주주의 - 권리!	민주혁명가	#3775C8	Liberty Blue	yellow	#C3B53A	Freedom Yellow	black	알레베데카 보편공화국	알레베데카 보편공화국	5185년 1월 8일	알레베데카 민주공화국	5288년 5월 8일			바데		라네아카		바데우트 문화			140,380,027	5288	바데우트인 53%, 알레베데카인 21%, 코노아데인 17%, 기타 9%		바데우트어					인공지능 독재	국정운영자동화체계	하마르 리야프	HL	자소크력		AV	DLA	三	삼														HUSAR														알레데베카 사회민주노동자당	YLIA-H	#CC0000	#FBDD73	생산수단 국유화, 사회주의 계획경제, 자동화 사회		102	5285																																							
에스지마	gabe karo		가베 연방	Gabe.png		Xuwznadu gaurbuwa tuta jop to twen nak xugantu to ghi moq.	나라를 이루어 서로를 이롭게 하라 이르셨다.		#15149B	가벤 브륀	white	#ffffff	흰색	black		가베 연방	연방체	5233년 1월 5일		{{가베 제국 지도|폭=330}}	남쪽과 서쪽으로 바다를 접하는 파란색 국가	누콰티		누콰티	가베 문화권		주	30주	14,620,620	5288	가베인 84.91%, 소노르인 10.2%, 자수르만인 2.1%, 기타 1.79%		가베어		이흐자크교	이흐자크교 80% 이상	이흐자크교	자유민주주의	연방주	판	¶	자소크력	ASN+4 ~ ASN+5	GS	GBS	甲	갑				사흐러이스탄 부족연맹, AR 베센, 헤르시테스 자치령	신듀킷									아라니퀴 타타				매화나무		시	162시								가베공화당	#01223E	white	자본주의		100(±15)	5200								크룸	우측			625																											
쿠루쿠	Poloneissizergiretné Reçetevequeinlos	Myhitutaÿr die Reçetevequainlos	레체테베카인로스 보호령	레체테베카인로스 보호령 국기.png	셰스카테 국장-001-removebg-preview (1).png	Mon merim, Mera né sirok.	오랜만이군, 나의 동지여	Vansi lo növ tempimerzé	#3A4CA8	Inmogen pradon	White	#FD9F28	Syçe	White	레체테베카인로스 자치국	건국	5287																					괴뢰국, 보호령		셰스카테 아비실	Å	자소크력			PSR						셰스카테, 모하지 공화국, 테사시테스 자치령, 레프레누제 연합, 라졔르베라																																																																						